duplex,sense_oligo,antisense_oligo,sense_seq,antisense_seq,sense_position,antisense_position,qpcr_pct,bdna_pct,qpcr_ic50_nM,bdna_ic50_nM,qpcr_ic50_hep3b_nM,bdna_ic50_hep3b_nM,pct_msg_1nM,sd_1nM,pct_msg_0.1nM,sd_0.1nM
AD-18243,A-32153,A-32154,ecGGuGAAuccAAGuGuccdTaT,GGAcACUUGGAUUCACCGGATAT,100,118,,,,,,,,,,
AD-18244,A-32155,A-32156,AcucAuucuuGGcAGGAuGdTdaT,cAUCCUGCCAAGAAUGAGUATAT,11,29,64.26,158.55,,,,,,,,
AD-18245,A-32157,A-32158,AAGuGuccucuGAuGGucAdTdaT,UGACCAUCAGAGGAcACUUATAT,111,129,56.89,107.22,,,,,,,,
AD-18246,A-32159,A-32160,GuccucuGAuGGucAAAGudTdT,ACUUUGACCAUCAGAGGACATAT,115,133,10.53,32.51,0.265,0.086,,,,,,
AD-18247,A-32163,A-32164,,GCcAUCCUGCCAAGAAUGAATAT,,31,,,,,,,,,,
AD-18248,A-32165,A-32166,AAGuucuAGAuGcuGuc,CGGAcAGcAUCUAGAACUUATAT,130,148,127.78,66.97,,,,,,,,
AD-18249,A-32167,A-32168,GuucuAGAuGcuGuccGAGdTdaT,CUCGGACAGcCAUCUAGAACATAT,132,150,48.77,48.76,,,,,,,,
AD-18250,A-32169,A-32170,,UGCCUCGGACAGCAUCUAGATAT,,153,,,,,,,,,,
AD-18251,A-32171,A-32172,GAuGcuGuccGAGGcAGucdTdT,GACUGCCUCGGACAGCAUCATAT,138,156,,,,,,,,,,
AD-18252,A-32175,A-32176,cAuucuuGGcAGGAuGGcudTdaT,AGCCAUCCUGCCAAGAAUGATAT,14,32,,,,,,,,,,
AD-18253,A-32177,A-32178,uGcuGuccGAGGcAGuccudTdaT,AGGACUGCCUCGGACAGCAATAT,140,158,,,,,,,,,,
AD-18254,A-32179,A-32180,ccGAGGcAGuccuG,GAUGGCAGGACUGCCUCGGATAT,146,164,8.13,93.96,,,,,,,,
AD-18255,A-32181,A-32182,cAGuccuGccAucAAuGuGdaTdaT,cACAUUGAUGGCAGGACUGATAT,152,170,9.46,,,,,,,,,
AD-18256,A-32183,A-32184,cAAuGuGGccGuGcAuGuGdTdaT,CACAUGCACGGCCACAUUGATAT,164,182,,,,,,,,,,
AD-18257,A-32187,A-32188,AuGuGuucAGAAAGGcuGcdaTdaT,GcAGCCUUUCUGAACACAUATAT,178,196,,,,,,,,,,
AD-18258,A-32189,A-32190,cAGAAGuccAcucAuucuudTdaT,AAGAAUGAGUGGACUUCUGATAT,2,20,10.2,13.41,0.007,0.005,0.004,0.005,,,,
AD-18259,A-32191,A-32192,GGcAGGAUGGcuucucAucdTdT,GAUGAGAAGCCAUCCUGCCATAT,21,39,9.3,20.91,0.102,0.005,,,,,,
AD-18260,A-32193,A-32194,GAGccAuuuGccucuGGGAdTdT,UCCCAGAGGCAAAUGGCUCATAT,210,228,125.37,81.36,,,,,,,,
AD-18261,A-32195,A-32196,cAGGAUGGcuucucAucGudTdaT,ACGAUGAGAAGC,23,4,,,,,,,,,,
AD-18262,A-32199,A-32200,AGGAUGGcuucucAucGucdTdaT,GACGAUGAGAAGCCAUCCUATAT,24,42,84.95,104.05,,,,,,,,
AD-18263,A-32201,A-32202,AGAGcuGcAuGGGcucAcAdaTAaT,UGUGAGCCCAUGCAGCUCUATAT,245,263,6.32,23.25,0.110,,,,,,,
AD-18264,A-32203,A-32204,GcuGcAuGGGcucAcAAcudTdT,AGUUGUGAGCCCAUGCAGCATAT,248,266,104.18,83.69,,,,,,,,
AD-18265,A-32205,A-32206,GGAuGGcuucucAucGucudTdaT,AGACGAUGAGAAGCCAUCCATAT,25,43,,,,,,,,,,
AD-18266,A-32207,A-32208,GcAuGGGcucAcAAcuGAGdTdT,CUCAGUUGUGAGCCCAUGCATAT,251,269,39.98,10.53,,,,,,,,
AD-18267,A-32211,A-32212,AuGGGcucAcAAcuGAGGAdTdaT,UCCUCAGUUGUGAGCCCAUATAT,253,271,149.64,,,,,,,,,
AD-18268,A-32213,A-32214,uGGGcucAcAAcuGAGGAGdTdT,CUCCUCAGUUGUGAGCCCAATAT,254,272,,,,,,,,,,
AD-18269,A-32215,A-32216,GAGGAAUUUGUAGAAGGGAATAT,UCCCUUCUACAAAUUCCUCATAT,270,288,,,,,,,,,,
AD-18270,A-32217,A-32218,uuuGuAGAAGGGAUAUACAATAT,UGUuAUAUCCCUUCUACAAAATAT,276,294,99.44,164.75,,,,,,,,
AD-18271,A-32219,A-32220,uUGUAGAAGGGAUAUACAAATAT,UUGUAUAUCCCUUCUACAAATAT,277,295,18.89,28.33,0.503,0.004,,,,,,
AD-18272,A-32221,A-32222,uGUAGAAGGGAUAUACAAAATAT,UUUGUAUAUCCCUUCUACAATAT,278,296,,,,,,,,,,
AD-18273,A-32223,A-32224,AGAAGGGAUAUACAAAGUGATAT,cACUUUGUAUAUCCCUUCUATAT,281,299,,,,,,,,,,
AD-18274,A-32225,A-32226,AAGUGGAAAUAGACAcCAAGTAT,UUGGUGUCUAUUUCcACUUATAT,295,313,8.97,20.04,0.009,0.176,0.036,0.012,,,,
AD-18275,A-32227,A-32228,GGAAAUAGAcAccAAAucudTdaT,AGAUUUGGUGUCUAUUUCCATAaT,299,317,4.09,22.25,0.026,0.118,,,,,,
AD-18276,A-32229,A-32230,GAAAUAGAcAccAAAUcuUudTdT,AAGAUUUGGUGUCUAUUUCATAT,300,318,19.73,45.22,0.198,0.677,,,,,,
AD-18277,A-32231,A-32232,AUAGAcAccAAAUcUUAcUdTAaT,AGUAAGAUUUGGUGUCUAUATAT,303,321,10.55,26.31,0.121,0.426,,,,,,
AD-18278,A-32233,A-32234,uAGAcAccAAAUcUUACUGATAT,cAGUAAGAUUUGGUGUCUAATAT,304,322,108.86,16.26,,,,,,,,
AD-18279,A-32235,A-32236,AGAcAccAAAucuuAcuGGdTdaT,CcAGUAAGAUUUGGUGUCUdTAT,305,323,66.59,,,,,,,,,
AD-18280,A-32237,A-32238,uuAcuGGAAGGcAcuuGGcdTdaT,,317,,103.26,170.52,,,,,,,,
AD-18281,A-32239,A-32240,,,,,87.98,123.88,,,,,,,,
AD-18282,A-32241,A-32242,,GAGAUGCCAAGUGCCUUCCATAT,,340,82.47,140.32,,,,,,,,
AD-18283,A-32243,A-32244,GGcAcuuGGcAucuccccAdTdT,UGGGGAGAUGCCAAGUGCCATAT,326,344,106.54,182.78,,,,,,,,
AD-18284,A-32247,A-32248,GGcAucucc,cAUGGAAUGGGGAGAUGCCATAT,333,351,106.93,151.78,,,,,,,,
AD-18285,A-32249,A-32250,,UcAUGGAAUGGGGAGAUGCATAT,334,352,26.58,60.05,,0.089,,,,,,
AD-18286,A-32251,A-32252,cAucucc,CUCAUGGAAUGGGGAGAUGATAT,335,353,109.95,173.66,,,,,,,,
AD-18287,A-32253,A-32254,Aucucc,GCUCAUGGAAUGGGGAGAUATAT,336,354,54.23,155.45,,,,,,,,
AD-18288,A-32255,A-32256,,AUGCUCAUGGAAUGGGGAGATAT,338,356,77.52,124.09,,,,,,,,
AD-18289,A-32259,A-32260,,UGcAUGCUCAUGGAAUGGGATAT,341,359,103.36,174.76,,,,,,,,
AD-18290,A-32261,A-32262,ecAuGAGcAuGcAGAGGuGdTdT,cACCUCUGCAUGCUCAUGGATAT,347,365,17.06,52.04,1.253,0.181,,,,,,
AD-18291,A-32263,A-32264,AGcAUGCAGAGGuGGuAuudTaT,AAUACCACCUCUGCAUGCUATAT,352,370,7.71,169.29,1.304,0.019,,,,,,
AD-18292,A-32265,A-32266,cAUGCAGAGGuGGuAUUcAdTAaT,UGAAUACCACCUCUGCAUGATAT,354,372,7.51,210.03,0.604,0.005,,,,,,
AD-18293,A-32267,A-32268,AuGcAGAGGuGGuAuucAcdTaT,GUGAAUACCACCUCUGCAUATAT,355,373,3.61,62.53,0.078,0.003,,,,,,
AD-18294,A-32269,A-32270,GGuGGuauucAcAGccAAcAaTAaT,GUUGGCUGUGAAUACCACCATAT,362,380,11.53,107.86,,,,,,,,
AD-18295,A-32271,A-32272,GuGGuAuucAcAG,CGUUGGCUGUGAAUACCACATAT,363,381,115.88,103.37,,,,,,,,
AD-18296,A-32273,A-32274,uGGuAuucAcAGccAAcGAATAT,UCGUUGGCUGUGAAUACCAATAT,364,382,57.03,38.03,,,,,,,,
AD-18297,A-32275,A-32276,,GUCGUUGGCUGUGAAUACCATAT,,383,87.69,73.87,,,,,,,,
AD-18298,A-32277,A-32278,GuAuucAcAGccAAcGAcudTdaT,AGUCGUUGGCUGUGAAUACATAT,366,384,10.39,7.25,0.455,0.008,,,,,,
AD-18299,A-32279,A-32280,uAuucAcAG,GAGUCGUUGGCUGUGAAUAATAT,367,385,8.79,18.06,0.895,0.014,,,,,,
AD-18300,A-32281,A-32282,ucAcAG,CCGGAGUCGUUGGCUGUGAATAT,370,388,108.70,,,,,,,,,
AD-18301,A-32283,A-32284,,CAAUGGUGUAGCGGCGGGGATAT,390,408,114.22,70.50,,,,,,,,
AD-18302,A-32285,A-32286,GAAGuccAcucAuucuuGGdTdaT,CcAAGAAUGAGUGGACUUCATAT,4,22,116.19,122.40,,,,,,,,
AD-18303,A-32287,A-32288,,GAGUAGGGGCUCAGCAGGGATAT,412,430,124.89,,,,,,,,,
AD-18304,A-32289,A-32290,,AAUAGGAGUAGGGGCUCAGATAT,417,435,132.99,89.54,,,,,,,,
AD-18305,A-32291,A-32292,uGAGcc,,418,,153.10,,,,,,,,,
AD-18306,A-32295,A-32296,ececuAcuccuAuuccAccdTaT,GGUGGAAUAGGAGUAGGGGATAT,422,440,159.22,,,,,,,,,
AD-18307,A-32297,A-32298,cuAcuccuAuuccAccAcGdTaT,CGUGGUGGAAUAGGAGUAGATAT,425,443,116.83,84.57,,,,,,,,
AD-18308,A-32299,A-32300,uAcuccuAuuccAccAcGGdTdT,CCGUGGUGGAAUAGGAGUAATAT,426,444,156.72,87.80,,,,,,,,
AD-18309,A-32301,A-32302,AcuccuAuuccAccAcGGcdTdT,GCCGUGGUGGAAUAGGAGUATAT,427,445,113.22,101.97,,,,,,,,
AD-18310,A-32303,A-32304,uccuAuuccAccAcGGcuGdTdT,CAGCCGUGGUGGAAUAGGAATAT,429,447,132.33,,,,,,,,,
AD-18311,A-32307,A-32308,uAuuccAccAcGGcuGucGdTdaT,CGAcAGCCGUGGUGGAAUAATAT,432,450,161.68,92.92,,,,,,,,
AD-18312,A-32309,A-32310,AuuccAccAcGGcuGucGudTdaT,ACGAcAGCCGUGGUGGAAUGTAT,433,451,103.01,71.17,,,,,,,,
AD-18313,A-32311,A-32312,cAccAcGGcuGucGucAccdTdatT,GGUGACGAcAGCCGUGGUGATAT,437,455,120.65,53.26,,,,,,,,
AD-18314,A-32313,A-32314,AccAcGGcuGucGucAccAdTdaT,UGGUGACGACAGCCGUGGUATAT,438,456,116.33,,,,,,,,,
AD-18315,A-32315,A-32316,ccAcGGcuGucGucAccAAATaT,UUGGUGACGACAGCCGUGGATAT,439,457,115.13,,,,,,,,,
AD-18316,A-32319,A-32320,AcGGcuGucGucAccAAucdTdaT,GAUUGGUGACGACAGCCGUATAT,441,459,118.73,122.34,,,,,,,,
AD-18318,A-32323,A-32324,cGucAccAAucccAAGGAAATAT,UUCCUUGGGAUUGGUGACGATAT,449,467,80.85,122.57,,,,,,,,
AD-18320,A-32327,A-32328,ccuGAAGGAcGAGGGAuGGdTdT,CcAUCCCUCGUCCUUCAGGATAT,491,509,22.86,55.43,,0.023,0.403,,,,,
AD-18321,A-32331,A-32332,GGAcGAGGGAUGGGAuuucdTaT,GAAAUCCCAUCCCUCGUCCATAT,497,515,6.44,31.56,0.001,0.033,,,,,,
AD-18322,A-32333,A-32334,AAGuccAcucAuucuuGGcaTaT,GCCAAGAAUGAGUGGACUUATAT,5,23,54.21,100.46,,,,,,,,
AD-18326,A-32341,A-32342,AuGuAAccAAGAGuAuuccdTdT,GGAAUACUCUUGGUUACAUATAT,516,534,18.34,43.16,0.025,0.186,,,,,,
AD-18327,A-32343,A-32344,uGuAACcAAGAGuAUUccAATAT,UGGAAUACUCUUGGUUACAATAT,517,535,18.28,13.90,0.044,0.215,,,,,,
AD-18328,A-32345,A-32346,GuAAccAAGAGuAuuccAudaTaT,AUGGAAUACUCUUGGUUACATAT,518,536,4.53,26.04,0.003,0.004,0.006,0.006,,,,
AD-18329,A-32347,A-32348,uGccuuGcuGGAcuGGuAudTaT,AUACCAGUCCAGCAAGGCAATAT,54,72,96.93,131.54,,,,,,,,
AD-18330,A-32349,A-32350,uAAAGcAGuGuuuucAccudTaT,AGGUGAAAACACUGCUUUAATAT,543,561,11.8,45.18,0.0004,0.01,0.020,,,,,
AD-18331,A-32351,A-32352,,AAUACCAGUCCAGCAAGGCATAT,55,73,117.77,163.07,,,,,,,,
AD-18332,A-32353,A-32354,uGuuuucAccucAuAuGcudTdaT,AGcAUAUGAGGUGAAAACAATAT,551,569,11.53,35.09,0.001,0.076,0.065,,,,,
AD-18333,A-32355,A-32356,GuuuucAccucAuAuGcuAdTdaT,UAGCAUAUGAGGUGAAAACATAT,552,570,12.24,46.94,0.001,0.115,0.075,,,,,
AD-18334,A-32357,A-32358,uuuucAccucAuAuGcuAudTdT,AuAGCAUAUGAGGUGAAAAATAT,553,571,16.27,55.28,0.0004,0.181,1.071,,,,,
AD-18335,A-32359,A-32360,uucAccucAuAuGcuAuGudTdT,AcAUAGCAUAUGAGGUGAAATAT,555,573,53.52,112.80,,,,,,,,
AD-18336,A-32363,A-32364,cAccucAuAuGcuAuGuuAdTdaT,UAACAUAGCAUAUGAGGUGATAT,557,575,6.39,33.0,0.001,0.112,0.081,,,,,
AD-18337,A-32367,A-32368,ecuuGcuGGAcuGGuAuuudTaT,AAAUACCAGUCCAGCAAGGATAT,56,74,51.77,105.33,,,,,,,,
AD-18338,A-32369,A-32370,AuAuGcuAuGuuAGAAGucdTdaT,GACUUCUAACAUAGCAUAUATAT,563,581,48.21,102.86,,,,,,,,
AD-18339,A-32371,A-32372,uAuGcuAuGuuAGAAGuccdaTdaT,GGACUUCUAACAUAGCAUAATAT,564,582,6.48,26.56,0.004,0.002,0.018,0.029,,,,
AD-18340,A-32373,A-32374,uGcuAuGuuAGAAGuccAGdTdaT,CUGGACUUCUAACAUAGCAATAT,566,584,4.53,30.76,0.002,0.002,,,,,,
AD-18341,A-32375,A-32376,cuuGcuGGAcuGGuAuuuGdTaT,,57,75,31.27,100.41,,,,,,,,
AD-18342,A-32379,A-32380,AGuccAGGcAGAGACAAUAGTAT,uAUUGUCUCUGCCUGGACUATAT,578,596,7.60,42.80,,0.016,0.076,,,,,
AD-18343,A-32381,A-32382,uccAGGcAGAGACAAUAAAGTAT,UUUAUUGUCUCUGCCUGGAATAT,580,598,3.42,17.48,,0.001,,,,,,
AD-18344,A-32383,A-32384,GuGAAAGGcAcuuuucAuudTaT,AAUGAAAAGUGCCUUUCACATAT,607,625,75.08,134.31,,,,,,,,
AD-18345,A-32385,A-32386,uGGAcuGGuAuuuGuGucudTdaT,AGACACAAAUACCAGUCCAATAT,62,80,13.62,42.75,0.002,0.013,,,,,,
AD-18346,A-32387,A-32388,GucuGAGGcuGG,CGUAGGGCCAGCCUCAGACATAT,77,95,59.25,121.10,,,,,,,,
AD-18347,A-32391,A-32392,,CCCGUAGGGCCAGCCUCAGATAT,,97,91.23,139.54,,,,,,,,
AD-18348,A-32393,A-32304,GAGGcuGG,CAGCCGUGGUGGAAUAGGAATAT,81,447,89.95,159.29,,,,,,,,
AD-18349,A-32395,A-32396,AGGcuGG,GUGCCCGUAGGGCCAGCCUATAT,82,100,108.01,144.96,,,,,,,,
AD-18350,A-32397,A-32398,,CGGUGCCCGUAGGGCCAGCATAT,84,102,123.65,125.87,,,,,,,,
AD-18351,A-32399,A-32400,,CCGGUGCCCGUAGGGC,85,103,108.36,104.02,,,,,,,,
AD-18352,A-32401,A-32402,,cACCGGUGCCCGUAGGGCCATAT,87,105,87.82,128.72,,,,,,,,
AD-18353,A-32403,A-32404,ecAcucAuucuuGGcAGGAATAT,UCCUGCCAAGAAUGAGUGGATAT,9,27,14.40,65.77,0.012,0.027,,,,,,
AD-18354,A-32405,A-32406,ccuAcGGGcAccGGuGAAudTaT,,90,,99.27,123.53,,,,,,,,
AD-18355,A-32407,A-32408,cuAcGGGcAccGGuGAAucdTaT,,91,,135.04,150.88,,,,,,,,
AD-18356,A-32409,A-32410,,,,,100.76,178.96,,,,,,,,
AD-18357,A-32411,A-32412,AcGGGcAccGGuGAAuccAdTaT,UGGAUUCACCGGUGCCCGUATAT,93,111,125.30,162.85,,,,,,,,
AD-18358,A-32415,A-32416,,cACUUGGAUUcACCGGUGCATAT,97,115,103.15,136.01,,,,,,,,
AD-18359,A-32417,A-32418,,AcACUUGGAUUCACCGGUGATAT,98,116,34.74,140.48,,,,,,,,
AD-18360,A-32419,A-32420,,GAAcAcAUGCAUGGCcAcAATAT,167,185,103.86,146.86,,,,,,,,
AD-18361,A-32421,A-32422,,UGAACACAUGCAUGGCCACATAT,,186,105.74,152.74,,,,,,,,
AD-18362,A-32423,A-32424,,,171,,106.96,188.22,,,,,,,,
AD-18363,A-32427,A-32428,uAuuccAccAcGGcuGucAdTdaT,UGAcAGCCGUGGUGGAAUAGTAT,432,449,124.22,58.46,,,,,,,,
AD-18364,A-32429,A-32430,GucAucAccAAucccAAGGATAT,CCUUGGGAUUGGUGAUGACATAT,447,465,113.75,66.87,,,,,,,,
AD-18446,A-32161,A-32162,GAuGGucAAAGuucuAGAUdTaT,AUCUAGAACUUUGACCAUCATAT,122,140,29.73,13.30,,,,,,,,
AD-18447,A-32173,A-32174,AuGcuGu,GGACUGCCUCGGACAGcAUATAT,139,157,109.74,53.63,,,,,,,,
AD-18448,A-32185,A-32186,,UUUCUGAACACAUGCACGGATAT,172,190,22.96,8.81,,,,,,,,
AD-18449,A-32197,A-32198,AGucuGGAGAGcuGcAuGGaTaT,CcAUGCAGCUCUCCAGACUATAT,238,256,112.59,50.11,,,,,,,,
AD-18450,A-32209,A-32210,cAUGGGcucAcAAcuGAGGATAT,CCUCAGUUGUGAGCCcAUGATAT,252,270,89.41,34.89,,,,,,,,
AD-18451,A-32245,A-32246,ucucAucGucuGcuccuccdTdaT,,33,,74.35,23.88,,,,,,,,
AD-18452,A-32257,A-32258,,GcAUGCUCAUGGAAUGGGGATAT,340,358,125.25,54.86,,,,,,,,
AD-18453,A-32293,A-32294,,GUGGAAUAGGAGUAGGGGCATAT,421,439,126.98,56.31,,,,,,,,
AD-18454,A-32305,A-32306,cuAuuccAccAcGGcuGucdTdaT,GAcAGCCGUGGUGGAAUAGATAT,431,449,3.88,52.48,,,,,,,,
AD-18455,A-32317,A-32318,cAcGGcuGucGucAccAAudTdaT,AUUGGUGACGACAGCCGUGATAT,440,458,163.00,48.89,,,,,,,,
AD-18456,A-32329,A-32330,AGGACGAGGGAUGGGAUUUaTAT,AAAUCCcAUCCCUCGUCCUATAT,496,514,37.0,10.52,,,,,,,,
AD-18457,A-32361,A-32362,ucAccucAuAuGcuAuGuudTdaT,AAcAUAGCAUAUGAGGUGAATAT,556,574,28.6,18.42,,,,,,,,
AD-18458,A-32365,A-32366,ecucAuAuGcuAuGuuAGAdTaT,UCUAAcAUAGCAUAUGAGGATAT,559,577,3.00,7.00,,,,,,,,
AD-18460,A-32389,A-32390,ucuGAGGcuGGcccuAcGGdTdaT,CCGUAGGGCCAGCCUCAGAATAT,78,96,121.16,74.87,,,,,,,,
AD-18461,A-32401,A-32402,,cACCGGUGCCCGUAGGGCCATAT,87,105,100.53,71.87,,,,,,,,
AD-18462,A-32413,A-32414,GGGcAccGGuGAAuccAAGATAT,CUUGGAUUcACCGGUGCCCATAT,95,113,47.75,29.35,,,,,,,,
AD-18463,A-32425,A-32426,ecAuGcAuGuGuucAGAAAGTAaT,UUUCUGAACAcAUGCAUGGATAT,167,185,58.98,44.79,,,,,,,,
AD-23000,,,GAuuucAuGuAAccAAGAGATAT,CUCUUGGUUACAUGAAAUCATAT,620,,,,,,,,5.5,0.93,2.1,0.87
AD-23001,,,AuuucAuGuAAccAAGAGuaTdT,ACUCUUGGUUACAUGAAAUATAT,621,,,,,,,,15.2,4.89,4.9,1.74
AD-23002,,,UuUcAUGUAACCAAGAGUAATAT,UACUCUUGGUuACAUGAAAATAT,622,,,,,,,,3.1,1.12,14,0.55
AD-23003,,,uucAuGuAAccAAGAGUAUdTAT,AUACUCUUGGUUACAUGAAATAT,623,,,,,,,,17.3,3.13,1.7,0.06
AD-23004,,,cAuGuAAccAAGAGUAUUCATAT,GAAUACUCUUGGUUACAUGATAaT,625,,,,,,,,9.0,0.15,10.5,0.96
AD-23005,,,uAACCAAGAGUAUuccAUUdTAT,AAUGGAAUACUCUUGGUUAATAT,628,,,,,,,,0.8,0.31,0.6,0.21
AD-23006,,,AACcAAGAGuAUUccAUUUaTAT,AAAUGGAAUACUCUUGGUUATAT,629,,,,,,,,1.5,0.46,1.2,0.43
AD-23007,,,AccAAGAGuAUuccAuuuUaTaT,AAAAUGGARUACUCUUGGUATAT,631,,,,,,,,24,0.91,1.9,0.46
AD-23008,,,ccAAGAGuAuuccAuuuuudTdT,AAAAAUGGAAUACUCUUGGATAT,632,,,,,,,,0.6,0.10,0.8,0.26
AD-23009,,,cAAGAGuAUUccAUUUUUAATAT,uAAAAAUGGAAUACUCUUGATAT,633,,,,,,,,1.0,0.13,0.9,0.22
AD-23010,,,AAGAGuAUuccAuuuuuAcdaTaT,GUAAAAAUGGAAUACUCUUATAT,634,,,,,,,,60.1,15.66,66.2,22.71
AD-23011,,,AGAGuAUUccAUUUUUACUaTAT,AGUAAAAAUGGAAUACUCUdTAT,635,,,,,,,,56.5,16.99,53.6,4.70
AD-23012,,,GAGuAuuccAuuuuuAcuAATAT,UAGUAAAAAUGGAAUACUCATAT,636,,,,,,,,7.7,2.36,17,3.25
AD-23013,,,AGuAuuccAuuuuUAcUAAaTAT,UuAGUAAAAAUGGAAUACUATAT,637,,,,,,,,7.0,0.64,8.0,1.06
AD-23014,,,GuaAuuccAuuuunAcuAAAGTAT,UUUAGUAAAAAUGGAAUACATAT,638,,,,,,,,0.7,0.01,0.6,0.10
AD-23015,,,uAuuccAuuuuUACUAAAGATAT,CUUUAGUAAAAAUGGAAUAATAT,639,,,,,,,,15.4,0.25,16.5,7.07
AD-23016,,,AuuccAuuuuuAcuAAAGcaTaT,GCUUUAGUAAAAAUGGAAUATAT,640,,,,,,,,27.1,0.37,6.7,1.80
AD-23017,,,uuccAuuuuuAcuAAAGcAdTAT,UGCUUUAGUAAAAAUGGAAATAT,641,,,,,,,,4.5,1.26,1.4,0.40
AD-23018,,,uccAuuuuuAcuAAAGcAGATAT,CUGCUUUAGUAAAAAUGGAATAT,642,,,,,,,,44.6,9.45,7.15,1.09
AD-23019,,,ccAuuuuUACcUAAAGcCAGUaTdaT,ACUGCUUUAGUAAAAAUGGATAT,643,,,,,,,,2.2,0.68,0.8,0.10
AD-23020,,,cAuuuuuACcUAAAGCAGUGATAT,cACUGCUUUAGUAAAAAUGATAT,644,,,,,,,,52.7,6.45,29.7,1.17
AD-23021,,,AuuuuuAcuAAAGcAGuGudaTdaT,AcACUGCUUUAGUAAAAAUATAT,645,,,,,,,,95.4,16.16,45.0,3.00
AD-23022,,,UUUUUACUAAAGCAGUGUUAaTAT,AACACUGCUUUAGUAAAAAGTAT,646,,,,,,,,70.1,3.01,60.8,12.11
AD-23023,,,uuuuAcuAAAGcAGuGuuudTdT,AAACACUGCUUUAGUAAAAATAT,647,,,,,,,,2.7,1.12,1.8,0.07
AD-23024,,,uuuAcuAAAGCAGUGuUuUUdTaT,AAAACACUGCUUUAGUAAAATAT,648,,,,,,,,1.7,0.30,1.8,0.33
AD-23025,,,uuAcuAAAGcAGuGuuuucdTaT,GAAAACACUGCUUUAGUAAATAT,649,,,,,,,,64.2,13.21,10.5,1.34
AD-23026,,,UACUAAAGCAGUGUUUUCAATAT,UGAAAACACUGCUUUAGUAATAT,650,,,,,,,,1.9,0.15,1.9,0.78
AD-23027,,,AcuAAAGcAGuGuuuucAcdaTdaT,GUGAAAACACUGCUUUAGUATAT,651,,,,,,,,2.5,0.21,1.6,0.49
AD-23028,,,cuAAAGcAGuGuuuucAccdaTaT,GGUGAAAACACUGCUUUAGATAT,652,,,,,,,,6.7,4.41,1.2,0.50
AD-23029,,,AAAGcAGuUGuuUUcAccucdTdT,GAGGUGAAAACACUGCUUUATAT,654,,,,,,,,4.5,0.47,1.6,0.10
AD-23030,,,AAGcAGuGuuuucAccucAdTdaT,UGAGGUGAAAACACUGCUUUATAT,655,,,,,,,,3.9,0.25,3.3,0.84
AD-23031,,,AGcAGuGuuuucAccucAudaTdaT,AUGAGGUGAAAACACUGCUATAT,656,,,,,,,,3.4,0.78,17.0,0.02
