duplex,sense_seq,antisense_seq,target_seq
TTR-27,UGACUAAGUCAAUAAUCAGAAUCag,CUGAUUCUGAUUAUUGACUUAGUCAAC,GTTGACTAAGTCAATAATCAGAATCAG
TTR-28,GACUAAGUCAAUAAUCAGAAUCAgc,GCUGAUUCUGAUUAUUGACUUAGUCAA,TTGACTAAGTCAATAATCAGAATCAGC
TTR-29,ACUAAGUCAAUAAUCAGAAUCAGca,UGCUGAUUCUGAUUAUUGACUUAGUCA,TGACTAAGTCAATAATCAGAATCAGCA
TTR-30,CUAAGUCAAUAAUCAGAAUCAGCag,CUGCUGAUUCUGAUUAUUGACUUAGUC,GACTAAGTCAATAATCAGAATCAGCAG
TTR-31,UAAGUCAAUAAUCAGAAUCAGCAgg,CCUGCUGAUUCUGAUUAUUGACUUAGU,ACTAAGTCAATAATCAGAATCAGCAGG
TTR-32,AAGUCAAUAAUCAGAAUCAGCAGgt,ACCUGCUGAUUCUGAUUAUUGACUUAG,CTAAGTCAATAATCAGAATCAGCAGGT
TTR-33,AGUCAAUAAUCAGAAUCAGCAGGtt,AACCUGCUGAUUCUGAUUAUUGACUUA,TAAGTCAATAATCAGAATCAGCAGGTT
TTR-34,GUCAAUAAUCAGAAUCAGCAGGUtt,AAACCUGCUGAUUCUGAUUAUUGACUU,AAGTCAATAATCAGAATCAGCAGGTTT
TTR-35,UCAAUAAUCAGAAUCAGCAGGUUtg,CAAACCUGCUGAUUCUGAUUAUUGACU,AGTCAATAATCAGAATCAGCAGGTTTG
TTR-36,CAAUAAUCAGAAUCAGCAGGUUUgc,GCAAACCUGCUGAUUCUGAUUAUUGAC,GTCAATAATCAGAATCAGCAGGTTTGC
TTR-37,AAUAAUCAGAAUCAGCAGGUUUGca,UGCAAACCUGCUGAUUCUGAUUAUUGA,TCAATAATCAGAATCAGCAGGTTTGCA
TTR-38,AUAAUCAGAAUCAGCAGGUUUGCag,CUGCAAACCUGCUGAUUCUGAUUAUUG,CAATAATCAGAATCAGCAGGTTTGCAG
TTR-39,UAAUCAGAAUCAGCAGGUUUGCAgt,ACUGCAAACCUGCUGAUUCUGAUUAUU,AATAATCAGAATCAGCAGGTTTGCAGT
TTR-40,AAUCAGAAUCAGCAGGUUUGCAGtc,GACUGCAAACCUGCUGAUUCUGAUUAU,ATAATCAGAATCAGCAGGTTTGCAGTC
TTR-41,AUCAGAAUCAGCAGGUUUGCAGUca,UGACUGCAAACCUGCUGAUUCUGAUUA,TAATCAGAATCAGCAGGTTTGCAGTCA
TTR-43,CAGAAUCAGCAGGUUUGCAGUCAga,UCUGACUGCAAACCUGCUGAUUCUGAU,ATCAGAATCAGCAGGTTTGCAGTCAGA
TTR-44,AGAAUCAGCAGGUUUGCAGUCAGat,AUCUGACUGCAAACCUGCUGAUUCUGA,TCAGAATCAGCAGGTTTGCAGTCAGAT
TTR-46,AAUCAGCAGGUUUGCAGUCAGAUtg,CAAUCUGACUGCAAACCUGCUGAUUCU,AGAATCAGCAGGTTTGCAGTCAGATTG
TTR-47,AUCAGCAGGUUUGCAGUCAGAUUgg,CCAAUCUGACUGCAAACCUGCUGAUUC,GAATCAGCAGGTTTGCAGTCAGATTGG
TTR-59,GCAGUCAGAUUGGCAGGGAUAAGca,UGCUUAUCCCUGCCAAUCUGACUGCAA,TTGCAGTCAGATTGGCAGGGATAAGCA
TTR-84,GCCUAGCUCAGGAGAAGUGAGUAta,UAUACUCACUUCUCCUGAGCUAGGCUG,CAGCCTAGCTCAGGAGAAGTGAGTATA
TTR-87,UAGCUCAGGAGAAGUGAGUAUAAaa,UUUUAUACUCACUUCUCCUGAGCUAGG,CCTAGCTCAGGAGAAGTGAGTATAAAA
TTR-88,AGCUCAGGAGAAGUGAGUAUAAAag,CUUUUAUACUCACUUCUCCUGAGCUAG,CTAGCTCAGGAGAAGTGAGTATAAAAG
TTR-89,GCUCAGGAGAAGUGAGUAUAAAAgc,GCUUUUAUACUCACUUCUCCUGAGCUA,TAGCTCAGGAGAAGTGAGTATAAAAGC
TTR-90,CUCAGGAGAAGUGAGUAUAAAAGcc,GGCUUUUAUACUCACUUCUCCUGAGCU,AGCTCAGGAGAAGTGAGTATAAAAGCC
TTR-92,CAGGAGAAGUGAGUAUAAAAGCCcc,GGGGCUUUUAUACUCACUUCUCCUGAG,CTCAGGAGAAGTGAGTATAAAAGCCCC
TTR-126,GCAGCCAUCACAGAAGUCCACUCat,AUGAGUGGACUUCUGUGAUGGCUGCUC,GAGCAGCCATCACAGAAGTCCACTCAT
TTR-127,CAGCCAUCACAGAAGUCCACUCAtt,AAUGAGUGGACUUCUGUGAUGGCUGCU,AGCAGCCATCACAGAAGTCCACTCATT
TTR-128,AGCCAUCACAGAAGUCCACUCAUtc,GAAUGAGUGGACUUCUGUGAUGGCUGC,GCAGCCATCACAGAAGTCCACTCATTC
TTR-129,GCCAUCACAGAAGUCCACUCAUUct,AGAAUGAGUGGACUUCUGUGAUGGCUG,CAGCCATCACAGAAGTCCACTCATTCT
TTR-130,CCAUCACAGAAGUCCACUCAUUCtt,AAGAAUGAGUGGACUUCUGUGAUGGCU,AGCCATCACAGAAGTCCACTCATTCTT
TTR-131,CAUCACAGAAGUCCACUCAUUCUtg,CAAGAAUGAGUGGACUUCUGUGAUGGC,GCCATCACAGAAGTCCACTCATTCTTG
TTR-132,AUCACAGAAGUCCACUCAUUCUUgg,CCAAGAAUGAGUGGACUUCUGUGAUGG,CCATCACAGAAGTCCACTCATTCTTGG
TTR-134,CACAGAAGUCCACUCAUUCUUGGca,UGCCAAGAAUGAGUGGACUUCUGUGAU,ATCACAGAAGTCCACTCATTCTTGGCA
TTR-135,ACAGAAGUCCACUCAUUCUUGGCag,CUGCCAAGAAUGAGUGGACUUCUGUGA,TCACAGAAGTCCACTCATTCTTGGCAG
TTR-150,UUCUUGGCAGGAUGGCUUCUCAUcg,CGAUGAGAAGCCAUCCUGCCAAGAAUG,CATTCTTGGCAGGATGGCTTCTCATCG
TTR-151,UCUUGGCAGGAUGGCUUCUCAUCgt,ACGAUGAGAAGCCAUCCUGCCAAGAAU,ATTCTTGGCAGGATGGCTTCTCATCGT
TTR-152,CUUGGCAGGAUGGCUUCUCAUCGtc,GACGAUGAGAAGCCAUCCUGCCAAGAA,TTCTTGGCAGGATGGCTTCTCATCGTC
TTR-153,UUGGCAGGAUGGCUUCUCAUCGUct,AGACGAUGAGAAGCCAUCCUGCCAAGA,TCTTGGCAGGATGGCTTCTCATCGTCT
TTR-154,UGGCAGGAUGGCUUCUCAUCGUCtg,CAGACGAUGAGAAGCCAUCCUGCCAAG,CTTGGCAGGATGGCTTCTCATCGTCTG
TTR-155,GGCAGGAUGGCUUCUCAUCGUCUgc,GCAGACGAUGAGAAGCCAUCCUGCCAA,TTGGCAGGATGGCTTCTCATCGTCTGC
TTR-156,GCAGGAUGGCUUCUCAUCGUCUGct,AGCAGACGAUGAGAAGCCAUCCUGCCA,TGGCAGGATGGCTTCTCATCGTCTGCT
TTR-157,CAGGAUGGCUUCUCAUCGUCUGCtc,GAGCAGACGAUGAGAAGCCAUCCUGCC,GGCAGGATGGCTTCTCATCGTCTGCTC
TTR-158,AGGAUGGCUUCUCAUCGUCUGCUcc,GGAGCAGACGAUGAGAAGCCAUCCUGC,GCAGGATGGCTTCTCATCGTCTGCTCC
TTR-159,GGAUGGCUUCUCAUCGUCUGCUCct,AGGAGCAGACGAUGAGAAGCCAUCCUG,CAGGATGGCTTCTCATCGTCTGCTCCT
TTR-160,GAUGGCUUCUCAUCGUCUGCUCCtc,GAGGAGCAGACGAUGAGAAGCCAUCCU,AGGATGGCTTCTCATCGTCTGCTCCTC
TTR-161,AUGGCUUCUCAUCGUCUGCUCCUcc,GGAGGAGCAGACGAUGAGAAGCCAUCC,GGATGGCTTCTCATCGTCTGCTCCTCC
TTR-162,UGGCUUCUCAUCGUCUGCUCCUCct,AGGAGGAGCAGACGAUGAGAAGCCAUC,GATGGCTTCTCATCGTCTGCTCCTCCT
TTR-163,GGCUUCUCAUCGUCUGCUCCUCCtc,GAGGAGGAGCAGACGAUGAGAAGCCAU,ATGGCTTCTCATCGTCTGCTCCTCCTC
TTR-164,GCUUCUCAUCGUCUGCUCCUCCUct,AGAGGAGGAGCAGACGAUGAGAAGCCA,TGGCTTCTCATCGTCTGCTCCTCCTCT
TTR-165,CUUCUCAUCGUCUGCUCCUCCUCtg,CAGAGGAGGAGCAGACGAUGAGAAGCC,GGCTTCTCATCGTCTGCTCCTCCTCTG
TTR-186,UCUGCCUUGCUGGACUGGUAUUUgt,ACAAAUACCAGUCCAGCAAGGCAGAGG,CCTCTGCCTTGCTGGACTGGTATTTGT
TTR-187,CUGCCUUGCUGGACUGGUAUUUGtg,CACAAAUACCAGUCCAGCAAGGCAGAG,CTCTGCCTTGCTGGACTGGTATTTGTG
TTR-234,CCGGUGAAUCCAAGUGUCCUCUGat,AUCAGAGGACACUUGGAUUCACCGGUG,CACCGGTGAATCCAAGTGTCCTCTGAT
TTR-238,UGAAUCCAAGUGUCCUCUGAUGGtc,GACCAUCAGAGGACACUUGGAUUCACC,GGTGAATCCAAGTGTCCTCTGATGGTC
TTR-239,GAAUCCAAGUGUCCUCUGAUGGUca,UGACCAUCAGAGGACACUUGGAUUCAC,GTGAATCCAAGTGTCCTCTGATGGTCA
TTR-240,AAUCCAAGUGUCCUCUGAUGGUCaa,UUGACCAUCAGAGGACACUUGGAUUCA,TGAATCCAAGTGTCCTCTGATGGTCAA
TTR-241,AUCCAAGUGUCCUCUGAUGGUCAaa,UUUGACCAUCAGAGGACACUUGGAUUC,GAATCCAAGTGTCCTCTGATGGTCAAA
TTR-242,UCCAAGUGUCCUCUGAUGGUCAAag,CUUUGACCAUCAGAGGACACUUGGAUU,AATCCAAGTGTCCTCTGATGGTCAAAG
TTR-243,CCAAGUGUCCUCUGAUGGUCAAAgt,ACUUUGACCAUCAGAGGACACUUGGAU,ATCCAAGTGTCCTCTGATGGTCAAAGT
TTR-244,CAAGUGUCCUCUGAUGGUCAAAGtt,AACUUUGACCAUCAGAGGACACUUGGA,TCCAAGTGTCCTCTGATGGTCAAAGTT
TTR-245,AAGUGUCCUCUGAUGGUCAAAGUtc,GAACUUUGACCAUCAGAGGACACUUGG,CCAAGTGTCCTCTGATGGTCAAAGTTC
TTR-246,AGUGUCCUCUGAUGGUCAAAGUUct,AGAACUUUGACCAUCAGAGGACACUUG,CAAGTGTCCTCTGATGGTCAAAGTTCT
TTR-247,GUGUCCUCUGAUGGUCAAAGUUCta,UAGAACUUUGACCAUCAGAGGACACUU,AAGTGTCCTCTGATGGTCAAAGTTCTA
TTR-248,UGUCCUCUGAUGGUCAAAGUUCUag,CUAGAACUUUGACCAUCAGAGGACACU,AGTGTCCTCTGATGGTCAAAGTTCTAG
TTR-249,GUCCUCUGAUGGUCAAAGUUCUAga,UCUAGAACUUUGACCAUCAGAGGACAC,GTGTCCTCTGATGGTCAAAGTTCTAGA
TTR-250,UCCUCUGAUGGUCAAAGUUCUAGat,AUCUAGAACUUUGACCAUCAGAGGACA,TGTCCTCTGATGGTCAAAGTTCTAGAT
TTR-251,CCUCUGAUGGUCAAAGUUCUAGAtg,CAUCUAGAACUUUGACCAUCAGAGGAC,GTCCTCTGATGGTCAAAGTTCTAGATG
TTR-252,CUCUGAUGGUCAAAGUUCUAGAUgc,GCAUCUAGAACUUUGACCAUCAGAGGA,TCCTCTGATGGTCAAAGTTCTAGATGC
TTR-253,UCUGAUGGUCAAAGUUCUAGAUGct,AGCAUCUAGAACUUUGACCAUCAGAGG,CCTCTGATGGTCAAAGTTCTAGATGCT
TTR-254,CUGAUGGUCAAAGUUCUAGAUGCtg,CAGCAUCUAGAACUUUGACCAUCAGAG,CTCTGATGGTCAAAGTTCTAGATGCTG
TTR-255,UGAUGGUCAAAGUUCUAGAUGCUgt,ACAGCAUCUAGAACUUUGACCAUCAGA,TCTGATGGTCAAAGTTCTAGATGCTGT
TTR-256,GAUGGUCAAAGUUCUAGAUGCUGtc,GACAGCAUCUAGAACUUUGACCAUCAG,CTGATGGTCAAAGTTCTAGATGCTGTC
TTR-257,AUGGUCAAAGUUCUAGAUGCUGUcc,GGACAGCAUCUAGAACUUUGACCAUCA,TGATGGTCAAAGTTCTAGATGCTGTCC
TTR-258,UGGUCAAAGUUCUAGAUGCUGUCcg,CGGACAGCAUCUAGAACUUUGACCAUC,GATGGTCAAAGTTCTAGATGCTGTCCG
TTR-346,GCCAUUUGCCUCUGGGAAAACCAgt,ACUGGUUUUCCCAGAGGCAAAUGGCUC,GAGCCATTTGCCTCTGGGAAAACCAGT
TTR-347,CCAUUUGCCUCUGGGAAAACCAGtg,CACUGGUUUUCCCAGAGGCAAAUGGCU,AGCCATTTGCCTCTGGGAAAACCAGTG
TTR-348,CAUUUGCCUCUGGGAAAACCAGUga,UCACUGGUUUUCCCAGAGGCAAAUGGC,GCCATTTGCCTCTGGGAAAACCAGTGA
TTR-349,AUUUGCCUCUGGGAAAACCAGUGag,CUCACUGGUUUUCCCAGAGGCAAAUGG,CCATTTGCCTCTGGGAAAACCAGTGAG
TTR-350,UUUGCCUCUGGGAAAACCAGUGAgt,ACUCACUGGUUUUCCCAGAGGCAAAUG,CATTTGCCTCTGGGAAAACCAGTGAGT
TTR-351,UUGCCUCUGGGAAAACCAGUGAGtc,GACUCACUGGUUUUCCCAGAGGCAAAU,ATTTGCCTCTGGGAAAACCAGTGAGTC
TTR-352,UGCCUCUGGGAAAACCAGUGAGUct,AGACUCACUGGUUUUCCCAGAGGCAAA,TTTGCCTCTGGGAAAACCAGTGAGTCT
TTR-353,GCCUCUGGGAAAACCAGUGAGUCtg,CAGACUCACUGGUUUUCCCAGAGGCAA,TTGCCTCTGGGAAAACCAGTGAGTCTG
TTR-354,CCUCUGGGAAAACCAGUGAGUCUgg,CCAGACUCACUGGUUUUCCCAGAGGCA,TGCCTCTGGGAAAACCAGTGAGTCTGG
TTR-355,CUCUGGGAAAACCAGUGAGUCUGga,UCCAGACUCACUGGUUUUCCCAGAGGC,GCCTCTGGGAAAACCAGTGAGTCTGGA
TTR-356,UCUGGGAAAACCAGUGAGUCUGGag,CUCCAGACUCACUGGUUUUCCCAGAGG,CCTCTGGGAAAACCAGTGAGTCTGGAG
TTR-357,CUGGGAAAACCAGUGAGUCUGGAga,UCUCCAGACUCACUGGUUUUCCCAGAG,CTCTGGGAAAACCAGTGAGTCTGGAGA
TTR-358,UGGGAAAACCAGUGAGUCUGGAGag,CUCUCCAGACUCACUGGUUUUCCCAGA,TCTGGGAAAACCAGTGAGTCTGGAGAG
TTR-359,GGGAAAACCAGUGAGUCUGGAGAgc,GCUCUCCAGACUCACUGGUUUUCCCAG,CTGGGAAAACCAGTGAGTCTGGAGAGC
TTR-360,GGAAAACCAGUGAGUCUGGAGAGct,AGCUCUCCAGACUCACUGGUUUUCCCA,TGGGAAAACCAGTGAGTCTGGAGAGCT
TTR-361,GAAAACCAGUGAGUCUGGAGAGCtg,CAGCUCUCCAGACUCACUGGUUUUCCC,GGGAAAACCAGTGAGTCTGGAGAGCTG
TTR-381,AGCUGCAUGGGCUCACAACUGAGga,UCCUCAGUUGUGAGCCCAUGCAGCUCU,AGAGCTGCATGGGCTCACAACTGAGGA
TTR-382,GCUGCAUGGGCUCACAACUGAGGag,CUCCUCAGUUGUGAGCCCAUGCAGCUC,GAGCTGCATGGGCTCACAACTGAGGAG
TTR-383,CUGCAUGGGCUCACAACUGAGGAgg,CCUCCUCAGUUGUGAGCCCAUGCAGCU,AGCTGCATGGGCTCACAACTGAGGAGG
TTR-384,UGCAUGGGCUCACAACUGAGGAGga,UCCUCCUCAGUUGUGAGCCCAUGCAGC,GCTGCATGGGCTCACAACTGAGGAGGA
TTR-385,GCAUGGGCUCACAACUGAGGAGGaa,UUCCUCCUCAGUUGUGAGCCCAUGCAG,CTGCATGGGCTCACAACTGAGGAGGAA
TTR-386,CAUGGGCUCACAACUGAGGAGGAat,AUUCCUCCUCAGUUGUGAGCCCAUGCA,TGCATGGGCTCACAACTGAGGAGGAAT
TTR-387,AUGGGCUCACAACUGAGGAGGAAtt,AAUUCCUCCUCAGUUGUGAGCCCAUGC,GCATGGGCTCACAACTGAGGAGGAATT
TTR-388,UGGGCUCACAACUGAGGAGGAAUtt,AAAUUCCUCCUCAGUUGUGAGCCCAUG,CATGGGCTCACAACTGAGGAGGAATTT
TTR-389,GGGCUCACAACUGAGGAGGAAUUtg,CAAAUUCCUCCUCAGUUGUGAGCCCAU,ATGGGCTCACAACTGAGGAGGAATTTG
TTR-390,GGCUCACAACUGAGGAGGAAUUUgt,ACAAAUUCCUCCUCAGUUGUGAGCCCA,TGGGCTCACAACTGAGGAGGAATTTGT
TTR-391,GCUCACAACUGAGGAGGAAUUUGta,UACAAAUUCCUCCUCAGUUGUGAGCCC,GGGCTCACAACTGAGGAGGAATTTGTA
TTR-392,CUCACAACUGAGGAGGAAUUUGUag,CUACAAAUUCCUCCUCAGUUGUGAGCC,GGCTCACAACTGAGGAGGAATTTGTAG
TTR-393,UCACAACUGAGGAGGAAUUUGUAga,UCUACAAAUUCCUCCUCAGUUGUGAGC,GCTCACAACTGAGGAGGAATTTGTAGA
TTR-394,CACAACUGAGGAGGAAUUUGUAGaa,UUCUACAAAUUCCUCCUCAGUUGUGAG,CTCACAACTGAGGAGGAATTTGTAGAA
TTR-395,ACAACUGAGGAGGAAUUUGUAGAag,CUUCUACAAAUUCCUCCUCAGUUGUGA,TCACAACTGAGGAGGAATTTGTAGAAG
TTR-396,CAACUGAGGAGGAAUUUGUAGAAgg,CCUUCUACAAAUUCCUCCUCAGUUGUG,CACAACTGAGGAGGAATTTGTAGAAGG
TTR-398,ACUGAGGAGGAAUUUGUAGAAGGga,UCCCUUCUACAAAUUCCUCCUCAGUUG,CAACTGAGGAGGAATTTGTAGAAGGGA
TTR-399,CUGAGGAGGAAUUUGUAGAAGGGat,AUCCCUUCUACAAAUUCCUCCUCAGUU,AACTGAGGAGGAATTTGTAGAAGGGAT
TTR-400,UGAGGAGGAAUUUGUAGAAGGGAta,UAUCCCUUCUACAAAUUCCUCCUCAGU,ACTGAGGAGGAATTTGTAGAAGGGATA
TTR-401,GAGGAGGAAUUUGUAGAAGGGAUat,AUAUCCCUUCUACAAAUUCCUCCUCAG,CTGAGGAGGAATTTGTAGAAGGGATAT
TTR-402,AGGAGGAAUUUGUAGAAGGGAUAta,UAUAUCCCUUCUACAAAUUCCUCCUCA,TGAGGAGGAATTTGTAGAAGGGATATA
TTR-403,GGAGGAAUUUGUAGAAGGGAUAUac,GUAUAUCCCUUCUACAAAUUCCUCCUC,GAGGAGGAATTTGTAGAAGGGATATAC
TTR-404,GAGGAAUUUGUAGAAGGGAUAUAca,UGUAUAUCCCUUCUACAAAUUCCUCCU,AGGAGGAATTTGTAGAAGGGATATACA
TTR-405,AGGAAUUUGUAGAAGGGAUAUACaa,UUGUAUAUCCCUUCUACAAAUUCCUCC,GGAGGAATTTGTAGAAGGGATATACAA
TTR-406,GGAAUUUGUAGAAGGGAUAUACAaa,UUUGUAUAUCCCUUCUACAAAUUCCUC,GAGGAATTTGTAGAAGGGATATACAAA
TTR-407,GAAUUUGUAGAAGGGAUAUACAAag,CUUUGUAUAUCCCUUCUACAAAUUCCU,AGGAATTTGTAGAAGGGATATACAAAG
TTR-408,AAUUUGUAGAAGGGAUAUACAAAgt,ACUUUGUAUAUCCCUUCUACAAAUUCC,GGAATTTGTAGAAGGGATATACAAAGT
TTR-409,AUUUGUAGAAGGGAUAUACAAAGtg,CACUUUGUAUAUCCCUUCUACAAAUUC,GAATTTGTAGAAGGGATATACAAAGTG
TTR-410,UUUGUAGAAGGGAUAUACAAAGUgg,CCACUUUGUAUAUCCCUUCUACAAAUU,AATTTGTAGAAGGGATATACAAAGTGG
TTR-411,UUGUAGAAGGGAUAUACAAAGUGga,UCCACUUUGUAUAUCCCUUCUACAAAU,ATTTGTAGAAGGGATATACAAAGTGGA
TTR-412,UGUAGAAGGGAUAUACAAAGUGGaa,UUCCACUUUGUAUAUCCCUUCUACAAA,TTTGTAGAAGGGATATACAAAGTGGAA
TTR-413,GUAGAAGGGAUAUACAAAGUGGAaa,UUUCCACUUUGUAUAUCCCUUCUACAA,TTGTAGAAGGGATATACAAAGTGGAAA
TTR-414,UAGAAGGGAUAUACAAAGUGGAAat,AUUUCCACUUUGUAUAUCCCUUCUACA,TGTAGAAGGGATATACAAAGTGGAAAT
TTR-415,AGAAGGGAUAUACAAAGUGGAAAta,UAUUUCCACUUUGUAUAUCCCUUCUAC,GTAGAAGGGATATACAAAGTGGAAATA
TTR-416,GAAGGGAUAUACAAAGUGGAAAUag,CUAUUUCCACUUUGUAUAUCCCUUCUA,TAGAAGGGATATACAAAGTGGAAATAG
TTR-417,AAGGGAUAUACAAAGUGGAAAUAga,UCUAUUUCCACUUUGUAUAUCCCUUCU,AGAAGGGATATACAAAGTGGAAATAGA
TTR-418,AGGGAUAUACAAAGUGGAAAUAGac,GUCUAUUUCCACUUUGUAUAUCCCUUC,GAAGGGATATACAAAGTGGAAATAGAC
TTR-419,GGGAUAUACAAAGUGGAAAUAGAca,UGUCUAUUUCCACUUUGUAUAUCCCUU,AAGGGATATACAAAGTGGAAATAGACA
TTR-420,GGAUAUACAAAGUGGAAAUAGACac,GUGUCUAUUUCCACUUUGUAUAUCCCU,AGGGATATACAAAGTGGAAATAGACAC
TTR-421,GAUAUACAAAGUGGAAAUAGACAcc,GGUGUCUAUUUCCACUUUGUAUAUCCC,GGGATATACAAAGTGGAAATAGACACC
TTR-422,AUAUACAAAGUGGAAAUAGACACca,UGGUGUCUAUUUCCACUUUGUAUAUCC,GGATATACAAAGTGGAAATAGACACCA
TTR-423,UAUACAAAGUGGAAAUAGACACCaa,UUGGUGUCUAUUUCCACUUUGUAUAUC,GATATACAAAGTGGAAATAGACACCAA
TTR-424,AUACAAAGUGGAAAUAGACACCAaa,UUUGGUGUCUAUUUCCACUUUGUAUAU,ATATACAAAGTGGAAATAGACACCAAA
TTR-425,UACAAAGUGGAAAUAGACACCAAat,AUUUGGUGUCUAUUUCCACUUUGUAUA,TATACAAAGTGGAAATAGACACCAAAT
TTR-426,ACAAAGUGGAAAUAGACACCAAAtc,GAUUUGGUGUCUAUUUCCACUUUGUAU,ATACAAAGTGGAAATAGACACCAAATC
TTR-427,CAAAGUGGAAAUAGACACCAAAUct,AGAUUUGGUGUCUAUUUCCACUUUGUA,TACAAAGTGGAAATAGACACCAAATCT
TTR-428,AAAGUGGAAAUAGACACCAAAUCtt,AAGAUUUGGUGUCUAUUUCCACUUUGU,ACAAAGTGGAAATAGACACCAAATCTT
TTR-429,AAGUGGAAAUAGACACCAAAUCUta,UAAGAUUUGGUGUCUAUUUCCACUUUG,CAAAGTGGAAATAGACACCAAATCTTA
TTR-430,AGUGGAAAUAGACACCAAAUCUUac,GUAAGAUUUGGUGUCUAUUUCCACUUU,AAAGTGGAAATAGACACCAAATCTTAC
TTR-431,GUGGAAAUAGACACCAAAUCUUAct,AGUAAGAUUUGGUGUCUAUUUCCACUU,AAGTGGAAATAGACACCAAATCTTACT
TTR-432,UGGAAAUAGACACCAAAUCUUACtg,CAGUAAGAUUUGGUGUCUAUUUCCACU,AGTGGAAATAGACACCAAATCTTACTG
TTR-433,GGAAAUAGACACCAAAUCUUACUgg,CCAGUAAGAUUUGGUGUCUAUUUCCAC,GTGGAAATAGACACCAAATCTTACTGG
TTR-434,GAAAUAGACACCAAAUCUUACUGga,UCCAGUAAGAUUUGGUGUCUAUUUCCA,TGGAAATAGACACCAAATCTTACTGGA
TTR-435,AAAUAGACACCAAAUCUUACUGGaa,UUCCAGUAAGAUUUGGUGUCUAUUUCC,GGAAATAGACACCAAATCTTACTGGAA
TTR-436,AAUAGACACCAAAUCUUACUGGAag,CUUCCAGUAAGAUUUGGUGUCUAUUUC,GAAATAGACACCAAATCTTACTGGAAG
TTR-437,AUAGACACCAAAUCUUACUGGAAgg,CCUUCCAGUAAGAUUUGGUGUCUAUUU,AAATAGACACCAAATCTTACTGGAAGG
TTR-439,AGACACCAAAUCUUACUGGAAGGca,UGCCUUCCAGUAAGAUUUGGUGUCUAU,ATAGACACCAAATCTTACTGGAAGGCA
TTR-440,GACACCAAAUCUUACUGGAAGGCac,GUGCCUUCCAGUAAGAUUUGGUGUCUA,TAGACACCAAATCTTACTGGAAGGCAC
TTR-462,CACUUGGCAUCUCCCCAUUCCAUga,UCAUGGAAUGGGGAGAUGCCAAGUGCC,GGCACTTGGCATCTCCCCATTCCATGA
TTR-463,ACUUGGCAUCUCCCCAUUCCAUGag,CUCAUGGAAUGGGGAGAUGCCAAGUGC,GCACTTGGCATCTCCCCATTCCATGAG
TTR-464,CUUGGCAUCUCCCCAUUCCAUGAgc,GCUCAUGGAAUGGGGAGAUGCCAAGUG,CACTTGGCATCTCCCCATTCCATGAGC
TTR-465,UUGGCAUCUCCCCAUUCCAUGAGca,UGCUCAUGGAAUGGGGAGAUGCCAAGU,ACTTGGCATCTCCCCATTCCATGAGCA
TTR-466,UGGCAUCUCCCCAUUCCAUGAGCat,AUGCUCAUGGAAUGGGGAGAUGCCAAG,CTTGGCATCTCCCCATTCCATGAGCAT
TTR-467,GGCAUCUCCCCAUUCCAUGAGCAtg,CAUGCUCAUGGAAUGGGGAGAUGCCAA,TTGGCATCTCCCCATTCCATGAGCATG
TTR-468,GCAUCUCCCCAUUCCAUGAGCAUgc,GCAUGCUCAUGGAAUGGGGAGAUGCCA,TGGCATCTCCCCATTCCATGAGCATGC
TTR-469,CAUCUCCCCAUUCCAUGAGCAUGca,UGCAUGCUCAUGGAAUGGGGAGAUGCC,GGCATCTCCCCATTCCATGAGCATGCA
TTR-470,AUCUCCCCAUUCCAUGAGCAUGCag,CUGCAUGCUCAUGGAAUGGGGAGAUGC,GCATCTCCCCATTCCATGAGCATGCAG
TTR-471,UCUCCCCAUUCCAUGAGCAUGCAga,UCUGCAUGCUCAUGGAAUGGGGAGAUG,CATCTCCCCATTCCATGAGCATGCAGA
TTR-472,CUCCCCAUUCCAUGAGCAUGCAGag,CUCUGCAUGCUCAUGGAAUGGGGAGAU,ATCTCCCCATTCCATGAGCATGCAGAG
TTR-473,UCCCCAUUCCAUGAGCAUGCAGAgg,CCUCUGCAUGCUCAUGGAAUGGGGAGA,TCTCCCCATTCCATGAGCATGCAGAGG
TTR-474,CCCCAUUCCAUGAGCAUGCAGAGgt,ACCUCUGCAUGCUCAUGGAAUGGGGAG,CTCCCCATTCCATGAGCATGCAGAGGT
TTR-482,CAUGAGCAUGCAGAGGUGGUAUUca,UGAAUACCACCUCUGCAUGCUCAUGGA,TCCATGAGCATGCAGAGGTGGTATTCA
TTR-483,AUGAGCAUGCAGAGGUGGUAUUCac,GUGAAUACCACCUCUGCAUGCUCAUGG,CCATGAGCATGCAGAGGTGGTATTCAC
TTR-484,UGAGCAUGCAGAGGUGGUAUUCAca,UGUGAAUACCACCUCUGCAUGCUCAUG,CATGAGCATGCAGAGGTGGTATTCACA
TTR-485,GAGCAUGCAGAGGUGGUAUUCACag,CUGUGAAUACCACCUCUGCAUGCUCAU,ATGAGCATGCAGAGGTGGTATTCACAG
TTR-489,AUGCAGAGGUGGUAUUCACAGCCaa,UUGGCUGUGAAUACCACCUCUGCAUGC,GCATGCAGAGGTGGTATTCACAGCCAA
TTR-493,AGAGGUGGUAUUCACAGCCAACGac,GUCGUUGGCUGUGAAUACCACCUCUGC,GCAGAGGTGGTATTCACAGCCAACGAC
TTR-494,GAGGUGGUAUUCACAGCCAACGAct,AGUCGUUGGCUGUGAAUACCACCUCUG,CAGAGGTGGTATTCACAGCCAACGACT
TTR-581,GUCGUCACCAAUCCCAAGGAAUGag,CUCAUUCCUUGGGAUUGGUGACGACAG,CTGTCGTCACCAATCCCAAGGAATGAG
TTR-631,GGACGAGGGAUGGGAUUUCAUGUaa,UUACAUGAAAUCCCAUCCCUCGUCCUU,AAGGACGAGGGATGGGATTTCATGTAA
TTR-632,GACGAGGGAUGGGAUUUCAUGUAac,GUUACAUGAAAUCCCAUCCCUCGUCCU,AGGACGAGGGATGGGATTTCATGTAAC
TTR-635,GAGGGAUGGGAUUUCAUGUAACCaa,UUGGUUACAUGAAAUCCCAUCCCUCGU,ACGAGGGATGGGATTTCATGTAACCAA
TTR-636,AGGGAUGGGAUUUCAUGUAACCAag,CUUGGUUACAUGAAAUCCCAUCCCUCG,CGAGGGATGGGATTTCATGTAACCAAG
TTR-637,GGGAUGGGAUUUCAUGUAACCAAga,UCUUGGUUACAUGAAAUCCCAUCCCUC,GAGGGATGGGATTTCATGTAACCAAGA
TTR-639,GAUGGGAUUUCAUGUAACCAAGAgt,ACUCUUGGUUACAUGAAAUCCCAUCCC,GGGATGGGATTTCATGTAACCAAGAGT
TTR-640,AUGGGAUUUCAUGUAACCAAGAGta,UACUCUUGGUUACAUGAAAUCCCAUCC,GGATGGGATTTCATGTAACCAAGAGTA
TTR-641,UGGGAUUUCAUGUAACCAAGAGUat,AUACUCUUGGUUACAUGAAAUCCCAUC,GATGGGATTTCATGTAACCAAGAGTAT
TTR-642,GGGAUUUCAUGUAACCAAGAGUAtt,AAUACUCUUGGUUACAUGAAAUCCCAU,ATGGGATTTCATGTAACCAAGAGTATT
TTR-643,GGAUUUCAUGUAACCAAGAGUAUtc,GAAUACUCUUGGUUACAUGAAAUCCCA,TGGGATTTCATGTAACCAAGAGTATTC
TTR-644,GAUUUCAUGUAACCAAGAGUAUUcc,GGAAUACUCUUGGUUACAUGAAAUCCC,GGGATTTCATGTAACCAAGAGTATTCC
TTR-645,AUUUCAUGUAACCAAGAGUAUUCca,UGGAAUACUCUUGGUUACAUGAAAUCC,GGATTTCATGTAACCAAGAGTATTCCA
TTR-646,UUUCAUGUAACCAAGAGUAUUCCat,AUGGAAUACUCUUGGUUACAUGAAAUC,GATTTCATGTAACCAAGAGTATTCCAT
TTR-647,UUCAUGUAACCAAGAGUAUUCCAtt,AAUGGAAUACUCUUGGUUACAUGAAAU,ATTTCATGTAACCAAGAGTATTCCATT
TTR-648,UCAUGUAACCAAGAGUAUUCCAUtt,AAAUGGAAUACUCUUGGUUACAUGAAA,TTTCATGTAACCAAGAGTATTCCATTT
TTR-649,CAUGUAACCAAGAGUAUUCCAUUtt,AAAAUGGAAUACUCUUGGUUACAUGAA,TTCATGTAACCAAGAGTATTCCATTTT
TTR-650,AUGUAACCAAGAGUAUUCCAUUUtt,AAAAAUGGAAUACUCUUGGUUACAUGA,TCATGTAACCAAGAGTATTCCATTTTT
TTR-651,UGUAACCAAGAGUAUUCCAUUUUta,UAAAAAUGGAAUACUCUUGGUUACAUG,CATGTAACCAAGAGTATTCCATTTTTA
TTR-652,GUAACCAAGAGUAUUCCAUUUUUac,GUAAAAAUGGAAUACUCUUGGUUACAU,ATGTAACCAAGAGTATTCCATTTTTAC
TTR-653,UAACCAAGAGUAUUCCAUUUUUAct,AGUAAAAAUGGAAUACUCUUGGUUACA,TGTAACCAAGAGTATTCCATTTTTACT
TTR-654,AACCAAGAGUAUUCCAUUUUUACta,UAGUAAAAAUGGAAUACUCUUGGUUAC,GTAACCAAGAGTATTCCATTTTTACTA
TTR-655,ACCAAGAGUAUUCCAUUUUUACUaa,UUAGUAAAAAUGGAAUACUCUUGGUUA,TAACCAAGAGTATTCCATTTTTACTAA
TTR-656,CCAAGAGUAUUCCAUUUUUACUAaa,UUUAGUAAAAAUGGAAUACUCUUGGUU,AACCAAGAGTATTCCATTTTTACTAAA
TTR-657,CAAGAGUAUUCCAUUUUUACUAAag,CUUUAGUAAAAAUGGAAUACUCUUGGU,ACCAAGAGTATTCCATTTTTACTAAAG
TTR-658,AAGAGUAUUCCAUUUUUACUAAAgc,GCUUUAGUAAAAAUGGAAUACUCUUGG,CCAAGAGTATTCCATTTTTACTAAAGC
TTR-659,AGAGUAUUCCAUUUUUACUAAAGca,UGCUUUAGUAAAAAUGGAAUACUCUUG,CAAGAGTATTCCATTTTTACTAAAGCA
TTR-660,GAGUAUUCCAUUUUUACUAAAGCag,CUGCUUUAGUAAAAAUGGAAUACUCUU,AAGAGTATTCCATTTTTACTAAAGCAG
TTR-661,AGUAUUCCAUUUUUACUAAAGCAgt,ACUGCUUUAGUAAAAAUGGAAUACUCU,AGAGTATTCCATTTTTACTAAAGCAGT
TTR-662,GUAUUCCAUUUUUACUAAAGCAGtg,CACUGCUUUAGUAAAAAUGGAAUACUC,GAGTATTCCATTTTTACTAAAGCAGTG
TTR-663,UAUUCCAUUUUUACUAAAGCAGUgt,ACACUGCUUUAGUAAAAAUGGAAUACU,AGTATTCCATTTTTACTAAAGCAGTGT
TTR-664,AUUCCAUUUUUACUAAAGCAGUGtt,AACACUGCUUUAGUAAAAAUGGAAUAC,GTATTCCATTTTTACTAAAGCAGTGTT
TTR-665,UUCCAUUUUUACUAAAGCAGUGUtt,AAACACUGCUUUAGUAAAAAUGGAAUA,TATTCCATTTTTACTAAAGCAGTGTTT
TTR-666,UCCAUUUUUACUAAAGCAGUGUUtt,AAAACACUGCUUUAGUAAAAAUGGAAU,ATTCCATTTTTACTAAAGCAGTGTTTT
TTR-667,CCAUUUUUACUAAAGCAGUGUUUtc,GAAAACACUGCUUUAGUAAAAAUGGAA,TTCCATTTTTACTAAAGCAGTGTTTTC
TTR-668,CAUUUUUACUAAAGCAGUGUUUUca,UGAAAACACUGCUUUAGUAAAAAUGGA,TCCATTTTTACTAAAGCAGTGTTTTCA
TTR-669,AUUUUUACUAAAGCAGUGUUUUCac,GUGAAAACACUGCUUUAGUAAAAAUGG,CCATTTTTACTAAAGCAGTGTTTTCAC
TTR-670,UUUUUACUAAAGCAGUGUUUUCAcc,GGUGAAAACACUGCUUUAGUAAAAAUG,CATTTTTACTAAAGCAGTGTTTTCACC
TTR-671,UUUUACUAAAGCAGUGUUUUCACct,AGGUGAAAACACUGCUUUAGUAAAAAU,ATTTTTACTAAAGCAGTGTTTTCACCT
TTR-672,UUUACUAAAGCAGUGUUUUCACCtc,GAGGUGAAAACACUGCUUUAGUAAAAA,TTTTTACTAAAGCAGTGTTTTCACCTC
TTR-673,UUACUAAAGCAGUGUUUUCACCUca,UGAGGUGAAAACACUGCUUUAGUAAAA,TTTTACTAAAGCAGTGTTTTCACCTCA
TTR-674,UACUAAAGCAGUGUUUUCACCUCat,AUGAGGUGAAAACACUGCUUUAGUAAA,TTTACTAAAGCAGTGTTTTCACCTCAT
TTR-675,ACUAAAGCAGUGUUUUCACCUCAta,UAUGAGGUGAAAACACUGCUUUAGUAA,TTACTAAAGCAGTGTTTTCACCTCATA
TTR-676,CUAAAGCAGUGUUUUCACCUCAUat,AUAUGAGGUGAAAACACUGCUUUAGUA,TACTAAAGCAGTGTTTTCACCTCATAT
TTR-677,UAAAGCAGUGUUUUCACCUCAUAtg,CAUAUGAGGUGAAAACACUGCUUUAGU,ACTAAAGCAGTGTTTTCACCTCATATG
TTR-678,AAAGCAGUGUUUUCACCUCAUAUgc,GCAUAUGAGGUGAAAACACUGCUUUAG,CTAAAGCAGTGTTTTCACCTCATATGC
TTR-679,AAGCAGUGUUUUCACCUCAUAUGct,AGCAUAUGAGGUGAAAACACUGCUUUA,TAAAGCAGTGTTTTCACCTCATATGCT
TTR-680,AGCAGUGUUUUCACCUCAUAUGCta,UAGCAUAUGAGGUGAAAACACUGCUUU,AAAGCAGTGTTTTCACCTCATATGCTA
TTR-681,GCAGUGUUUUCACCUCAUAUGCUat,AUAGCAUAUGAGGUGAAAACACUGCUU,AAGCAGTGTTTTCACCTCATATGCTAT
TTR-682,CAGUGUUUUCACCUCAUAUGCUAtg,CAUAGCAUAUGAGGUGAAAACACUGCU,AGCAGTGTTTTCACCTCATATGCTATG
TTR-683,AGUGUUUUCACCUCAUAUGCUAUgt,ACAUAGCAUAUGAGGUGAAAACACUGC,GCAGTGTTTTCACCTCATATGCTATGT
TTR-684,GUGUUUUCACCUCAUAUGCUAUGtt,AACAUAGCAUAUGAGGUGAAAACACUG,CAGTGTTTTCACCTCATATGCTATGTT
TTR-685,UGUUUUCACCUCAUAUGCUAUGUta,UAACAUAGCAUAUGAGGUGAAAACACU,AGTGTTTTCACCTCATATGCTATGTTA
TTR-686,GUUUUCACCUCAUAUGCUAUGUUag,CUAACAUAGCAUAUGAGGUGAAAACAC,GTGTTTTCACCTCATATGCTATGTTAG
TTR-687,UUUUCACCUCAUAUGCUAUGUUAga,UCUAACAUAGCAUAUGAGGUGAAAACA,TGTTTTCACCTCATATGCTATGTTAGA
TTR-688,UUUCACCUCAUAUGCUAUGUUAGaa,UUCUAACAUAGCAUAUGAGGUGAAAAC,GTTTTCACCTCATATGCTATGTTAGAA
TTR-689,UUCACCUCAUAUGCUAUGUUAGAag,CUUCUAACAUAGCAUAUGAGGUGAAAA,TTTTCACCTCATATGCTATGTTAGAAG
TTR-690,UCACCUCAUAUGCUAUGUUAGAAgt,ACUUCUAACAUAGCAUAUGAGGUGAAA,TTTCACCTCATATGCTATGTTAGAAGT
TTR-691,CACCUCAUAUGCUAUGUUAGAAGtc,GACUUCUAACAUAGCAUAUGAGGUGAA,TTCACCTCATATGCTATGTTAGAAGTC
TTR-692,ACCUCAUAUGCUAUGUUAGAAGUcc,GGACUUCUAACAUAGCAUAUGAGGUGA,TCACCTCATATGCTATGTTAGAAGTCC
TTR-693,CCUCAUAUGCUAUGUUAGAAGUCca,UGGACUUCUAACAUAGCAUAUGAGGUG,CACCTCATATGCTATGTTAGAAGTCCA
TTR-694,CUCAUAUGCUAUGUUAGAAGUCCag,CUGGACUUCUAACAUAGCAUAUGAGGU,ACCTCATATGCTATGTTAGAAGTCCAG
TTR-695,UCAUAUGCUAUGUUAGAAGUCCAgg,CCUGGACUUCUAACAUAGCAUAUGAGG,CCTCATATGCTATGTTAGAAGTCCAGG
TTR-696,CAUAUGCUAUGUUAGAAGUCCAGgc,GCCUGGACUUCUAACAUAGCAUAUGAG,CTCATATGCTATGTTAGAAGTCCAGGC
TTR-697,AUAUGCUAUGUUAGAAGUCCAGGca,UGCCUGGACUUCUAACAUAGCAUAUGA,TCATATGCTATGTTAGAAGTCCAGGCA
TTR-698,UAUGCUAUGUUAGAAGUCCAGGCag,CUGCCUGGACUUCUAACAUAGCAUAUG,CATATGCTATGTTAGAAGTCCAGGCAG
TTR-699,AUGCUAUGUUAGAAGUCCAGGCAga,UCUGCCUGGACUUCUAACAUAGCAUAU,ATATGCTATGTTAGAAGTCCAGGCAGA
TTR-702,CUAUGUUAGAAGUCCAGGCAGAGac,GUCUCUGCCUGGACUUCUAACAUAGCA,TGCTATGTTAGAAGTCCAGGCAGAGAC
TTR-704,AUGUUAGAAGUCCAGGCAGAGACaa,UUGUCUCUGCCUGGACUUCUAACAUAG,CTATGTTAGAAGTCCAGGCAGAGACAA
TTR-705,UGUUAGAAGUCCAGGCAGAGACAat,AUUGUCUCUGCCUGGACUUCUAACAUA,TATGTTAGAAGTCCAGGCAGAGACAAT
TTR-706,GUUAGAAGUCCAGGCAGAGACAAta,UAUUGUCUCUGCCUGGACUUCUAACAU,ATGTTAGAAGTCCAGGCAGAGACAATA
TTR-707,UUAGAAGUCCAGGCAGAGACAAUaa,UUAUUGUCUCUGCCUGGACUUCUAACA,TGTTAGAAGTCCAGGCAGAGACAATAA
TTR-708,UAGAAGUCCAGGCAGAGACAAUAaa,UUUAUUGUCUCUGCCUGGACUUCUAAC,GTTAGAAGTCCAGGCAGAGACAATAAA
TTR-709,AGAAGUCCAGGCAGAGACAAUAAaa,UUUUAUUGUCUCUGCCUGGACUUCUAA,TTAGAAGTCCAGGCAGAGACAATAAAA
TTR-710,GAAGUCCAGGCAGAGACAAUAAAac,GUUUUAUUGUCUCUGCCUGGACUUCUA,TAGAAGTCCAGGCAGAGACAATAAAAC
TTR-711,AAGUCCAGGCAGAGACAAUAAAAca,UGUUUUAUUGUCUCUGCCUGGACUUCU,AGAAGTCCAGGCAGAGACAATAAAACA
TTR-712,AGUCCAGGCAGAGACAAUAAAACat,AUGUUUUAUUGUCUCUGCCUGGACUUC,GAAGTCCAGGCAGAGACAATAAAACAT
TTR-713,GUCCAGGCAGAGACAAUAAAACAtt,AAUGUUUUAUUGUCUCUGCCUGGACUU,AAGTCCAGGCAGAGACAATAAAACATT
TTR-714,UCCAGGCAGAGACAAUAAAACAUtc,GAAUGUUUUAUUGUCUCUGCCUGGACU,AGTCCAGGCAGAGACAATAAAACATTC
TTR-716,CAGGCAGAGACAAUAAAACAUUCct,AGGAAUGUUUUAUUGUCUCUGCCUGGA,TCCAGGCAGAGACAATAAAACATTCCT
TTR-717,AGGCAGAGACAAUAAAACAUUCCtg,CAGGAAUGUUUUAUUGUCUCUGCCUGG,CCAGGCAGAGACAATAAAACATTCCTG
TTR-718,GGCAGAGACAAUAAAACAUUCCUgt,ACAGGAAUGUUUUAUUGUCUCUGCCUG,CAGGCAGAGACAATAAAACATTCCTGT
TTR-719,GCAGAGACAAUAAAACAUUCCUGtg,CACAGGAAUGUUUUAUUGUCUCUGCCU,AGGCAGAGACAATAAAACATTCCTGTG
TTR-720,CAGAGACAAUAAAACAUUCCUGUga,UCACAGGAAUGUUUUAUUGUCUCUGCC,GGCAGAGACAATAAAACATTCCTGTGA
TTR-721,AGAGACAAUAAAACAUUCCUGUGaa,UUCACAGGAAUGUUUUAUUGUCUCUGC,GCAGAGACAATAAAACATTCCTGTGAA
TTR-722,GAGACAAUAAAACAUUCCUGUGAaa,UUUCACAGGAAUGUUUUAUUGUCUCUG,CAGAGACAATAAAACATTCCTGTGAAA
TTR-723,AGACAAUAAAACAUUCCUGUGAAag,CUUUCACAGGAAUGUUUUAUUGUCUCU,AGAGACAATAAAACATTCCTGTGAAAG
TTR-724,GACAAUAAAACAUUCCUGUGAAAgg,CCUUUCACAGGAAUGUUUUAUUGUCUC,GAGACAATAAAACATTCCTGTGAAAGG
TTR-725,ACAAUAAAACAUUCCUGUGAAAGgc,GCCUUUCACAGGAAUGUUUUAUUGUCU,AGACAATAAAACATTCCTGTGAAAGGC
TTR-726,CAAUAAAACAUUCCUGUGAAAGGca,UGCCUUUCACAGGAAUGUUUUAUUGUC,GACAATAAAACATTCCTGTGAAAGGCA
TTR-727,AAUAAAACAUUCCUGUGAAAGGCac,GUGCCUUUCACAGGAAUGUUUUAUUGU,ACAATAAAACATTCCTGTGAAAGGCAC
TTR-728,AUAAAACAUUCCUGUGAAAGGCAct,AGUGCCUUUCACAGGAAUGUUUUAUUG,CAATAAAACATTCCTGTGAAAGGCACT
TTR-731,AAACAUUCCUGUGAAAGGCACUUtt,AAAAGUGCCUUUCACAGGAAUGUUUUA,TAAAACATTCCTGTGAAAGGCACTTTT
TTR-732,AACAUUCCUGUGAAAGGCACUUUtc,GAAAAGUGCCUUUCACAGGAAUGUUUU,AAAACATTCCTGTGAAAGGCACTTTTC
TTR-733,ACAUUCCUGUGAAAGGCACUUUUca,UGAAAAGUGCCUUUCACAGGAAUGUUU,AAACATTCCTGTGAAAGGCACTTTTCA
TTR-734,CAUUCCUGUGAAAGGCACUUUUCat,AUGAAAAGUGCCUUUCACAGGAAUGUU,AACATTCCTGTGAAAGGCACTTTTCAT
TTR-735,AUUCCUGUGAAAGGCACUUUUCAtt,AAUGAAAAGUGCCUUUCACAGGAAUGU,ACATTCCTGTGAAAGGCACTTTTCATT
TTR-736,UUCCUGUGAAAGGCACUUUUCAUtc,GAAUGAAAAGUGCCUUUCACAGGAAUG,CATTCCTGTGAAAGGCACTTTTCATTC
TTR-738,CCUGUGAAAGGCACUUUUCAUUCca,UGGAAUGAAAAGUGCCUUUCACAGGAA,TTCCTGTGAAAGGCACTTTTCATTCCA
TTR-739,CUGUGAAAGGCACUUUUCAUUCCac,GUGGAAUGAAAAGUGCCUUUCACAGGA,TCCTGTGAAAGGCACTTTTCATTCCAC
TTR-740,UGUGAAAGGCACUUUUCAUUCCAct,AGUGGAAUGAAAAGUGCCUUUCACAGG,CCTGTGAAAGGCACTTTTCATTCCACT
TTR-741,GUGAAAGGCACUUUUCAUUCCACtt,AAGUGGAAUGAAAAGUGCCUUUCACAG,CTGTGAAAGGCACTTTTCATTCCACTT
TTR-742,UGAAAGGCACUUUUCAUUCCACUtt,AAAGUGGAAUGAAAAGUGCCUUUCACA,TGTGAAAGGCACTTTTCATTCCACTTT
TTR-743,GAAAGGCACUUUUCAUUCCACUUta,UAAAGUGGAAUGAAAAGUGCCUUUCAC,GTGAAAGGCACTTTTCATTCCACTTTA
TTR-744,AAAGGCACUUUUCAUUCCACUUUaa,UUAAAGUGGAAUGAAAAGUGCCUUUCA,TGAAAGGCACTTTTCATTCCACTTTAA
TTR-745,AAGGCACUUUUCAUUCCACUUUAac,GUUAAAGUGGAAUGAAAAGUGCCUUUC,GAAAGGCACTTTTCATTCCACTTTAAC
TTR-746,AGGCACUUUUCAUUCCACUUUAAct,AGUUAAAGUGGAAUGAAAAGUGCCUUU,AAAGGCACTTTTCATTCCACTTTAACT
TTR-747,GGCACUUUUCAUUCCACUUUAACtt,AAGUUAAAGUGGAAUGAAAAGUGCCUU,AAGGCACTTTTCATTCCACTTTAACTT
TTR-748,GCACUUUUCAUUCCACUUUAACUtg,CAAGUUAAAGUGGAAUGAAAAGUGCCU,AGGCACTTTTCATTCCACTTTAACTTG
TTR-749,CACUUUUCAUUCCACUUUAACUUga,UCAAGUUAAAGUGGAAUGAAAAGUGCC,GGCACTTTTCATTCCACTTTAACTTGA
TTR-750,ACUUUUCAUUCCACUUUAACUUGat,AUCAAGUUAAAGUGGAAUGAAAAGUGC,GCACTTTTCATTCCACTTTAACTTGAT
TTR-751,CUUUUCAUUCCACUUUAACUUGAtt,AAUCAAGUUAAAGUGGAAUGAAAAGUG,CACTTTTCATTCCACTTTAACTTGATT
TTR-752,UUUUCAUUCCACUUUAACUUGAUtt,AAAUCAAGUUAAAGUGGAAUGAAAAGU,ACTTTTCATTCCACTTTAACTTGATTT
TTR-753,UUUCAUUCCACUUUAACUUGAUUtt,AAAAUCAAGUUAAAGUGGAAUGAAAAG,CTTTTCATTCCACTTTAACTTGATTTT
TTR-754,UUCAUUCCACUUUAACUUGAUUUtt,AAAAAUCAAGUUAAAGUGGAAUGAAAA,TTTTCATTCCACTTTAACTTGATTTTT
TTR-755,UCAUUCCACUUUAACUUGAUUUUtt,AAAAAAUCAAGUUAAAGUGGAAUGAAA,TTTCATTCCACTTTAACTTGATTTTTT
TTR-756,CAUUCCACUUUAACUUGAUUUUUta,UAAAAAAUCAAGUUAAAGUGGAAUGAA,TTCATTCCACTTTAACTTGATTTTTTA
TTR-757,AUUCCACUUUAACUUGAUUUUUUaa,UUAAAAAAUCAAGUUAAAGUGGAAUGA,TCATTCCACTTTAACTTGATTTTTTAA
TTR-758,UUCCACUUUAACUUGAUUUUUUAaa,UUUAAAAAAUCAAGUUAAAGUGGAAUG,CATTCCACTTTAACTTGATTTTTTAAA
TTR-759,UCCACUUUAACUUGAUUUUUUAAat,AUUUAAAAAAUCAAGUUAAAGUGGAAU,ATTCCACTTTAACTTGATTTTTTAAAT
TTR-760,CCACUUUAACUUGAUUUUUUAAAtt,AAUUUAAAAAAUCAAGUUAAAGUGGAA,TTCCACTTTAACTTGATTTTTTAAATT
TTR-761,CACUUUAACUUGAUUUUUUAAAUtc,GAAUUUAAAAAAUCAAGUUAAAGUGGA,TCCACTTTAACTTGATTTTTTAAATTC
TTR-762,ACUUUAACUUGAUUUUUUAAAUUcc,GGAAUUUAAAAAAUCAAGUUAAAGUGG,CCACTTTAACTTGATTTTTTAAATTCC
TTR-763,CUUUAACUUGAUUUUUUAAAUUCcc,GGGAAUUUAAAAAAUCAAGUUAAAGUG,CACTTTAACTTGATTTTTTAAATTCCC
TTR-764,UUUAACUUGAUUUUUUAAAUUCCct,AGGGAAUUUAAAAAAUCAAGUUAAAGU,ACTTTAACTTGATTTTTTAAATTCCCT
TTR-765,UUAACUUGAUUUUUUAAAUUCCCtt,AAGGGAAUUUAAAAAAUCAAGUUAAAG,CTTTAACTTGATTTTTTAAATTCCCTT
TTR-766,UAACUUGAUUUUUUAAAUUCCCUta,UAAGGGAAUUUAAAAAAUCAAGUUAAA,TTTAACTTGATTTTTTAAATTCCCTTA
TTR-767,AACUUGAUUUUUUAAAUUCCCUUat,AUAAGGGAAUUUAAAAAAUCAAGUUAA,TTAACTTGATTTTTTAAATTCCCTTAT
TTR-768,ACUUGAUUUUUUAAAUUCCCUUAtt,AAUAAGGGAAUUUAAAAAAUCAAGUUA,TAACTTGATTTTTTAAATTCCCTTATT
TTR-769,CUUGAUUUUUUAAAUUCCCUUAUtg,CAAUAAGGGAAUUUAAAAAAUCAAGUU,AACTTGATTTTTTAAATTCCCTTATTG
TTR-770,UUGAUUUUUUAAAUUCCCUUAUUgt,ACAAUAAGGGAAUUUAAAAAAUCAAGU,ACTTGATTTTTTAAATTCCCTTATTGT
TTR-771,UGAUUUUUUAAAUUCCCUUAUUGtc,GACAAUAAGGGAAUUUAAAAAAUCAAG,CTTGATTTTTTAAATTCCCTTATTGTC
TTR-772,GAUUUUUUAAAUUCCCUUAUUGUcc,GGACAAUAAGGGAAUUUAAAAAAUCAA,TTGATTTTTTAAATTCCCTTATTGTCC
TTR-773,AUUUUUUAAAUUCCCUUAUUGUCcc,GGGACAAUAAGGGAAUUUAAAAAAUCA,TGATTTTTTAAATTCCCTTATTGTCCC
TTR-775,UUUUUAAAUUCCCUUAUUGUCCCtt,AAGGGACAAUAAGGGAAUUUAAAAAAU,ATTTTTTAAATTCCCTTATTGTCCCTT
TTR-780,AAAUUCCCUUAUUGUCCCUUCCAaa,UUUGGAAGGGACAAUAAGGGAAUUUAA,TTAAATTCCCTTATTGTCCCTTCCAAA
TTR-781,AAUUCCCUUAUUGUCCCUUCCAAaa,UUUUGGAAGGGACAAUAAGGGAAUUUA,TAAATTCCCTTATTGTCCCTTCCAAAA
TTR-784,UCCCUUAUUGUCCCUUCCAAAAAaa,UUUUUUUGGAAGGGACAAUAAGGGAAU,ATTCCCTTATTGTCCCTTCCAAAAAAA
TTR-805,AAAAAGAGAAUCAAAAUUUUACAaa,UUUGUAAAAUUUUGAUUCUCUUUUUUU,AAAAAAAGAGAATCAAAATTTTACAAA
TTR-806,AAAAGAGAAUCAAAAUUUUACAAag,CUUUGUAAAAUUUUGAUUCUCUUUUUU,AAAAAAGAGAATCAAAATTTTACAAAG
TTR-807,AAAGAGAAUCAAAAUUUUACAAAga,UCUUUGUAAAAUUUUGAUUCUCUUUUU,AAAAAGAGAATCAAAATTTTACAAAGA
TTR-808,AAGAGAAUCAAAAUUUUACAAAGaa,UUCUUUGUAAAAUUUUGAUUCUCUUUU,AAAAGAGAATCAAAATTTTACAAAGAA
TTR-809,AGAGAAUCAAAAUUUUACAAAGAat,AUUCUUUGUAAAAUUUUGAUUCUCUUU,AAAGAGAATCAAAATTTTACAAAGAAT
TTR-810,GAGAAUCAAAAUUUUACAAAGAAtc,GAUUCUUUGUAAAAUUUUGAUUCUCUU,AAGAGAATCAAAATTTTACAAAGAATC
TTR-811,AGAAUCAAAAUUUUACAAAGAAUca,UGAUUCUUUGUAAAAUUUUGAUUCUCU,AGAGAATCAAAATTTTACAAAGAATCA
TTR-812,GAAUCAAAAUUUUACAAAGAAUCaa,UUGAUUCUUUGUAAAAUUUUGAUUCUC,GAGAATCAAAATTTTACAAAGAATCAA
TTR-813,AAUCAAAAUUUUACAAAGAAUCAaa,UUUGAUUCUUUGUAAAAUUUUGAUUCU,AGAATCAAAATTTTACAAAGAATCAAA
TTR-814,AUCAAAAUUUUACAAAGAAUCAAag,CUUUGAUUCUUUGUAAAAUUUUGAUUC,GAATCAAAATTTTACAAAGAATCAAAG
TTR-815,UCAAAAUUUUACAAAGAAUCAAAgg,CCUUUGAUUCUUUGUAAAAUUUUGAUU,AATCAAAATTTTACAAAGAATCAAAGG
TTR-816,CAAAAUUUUACAAAGAAUCAAAGga,UCCUUUGAUUCUUUGUAAAAUUUUGAU,ATCAAAATTTTACAAAGAATCAAAGGA
TTR-817,AAAAUUUUACAAAGAAUCAAAGGaa,UUCCUUUGAUUCUUUGUAAAAUUUUGA,TCAAAATTTTACAAAGAATCAAAGGAA
TTR-818,AAAUUUUACAAAGAAUCAAAGGAat,AUUCCUUUGAUUCUUUGUAAAAUUUUG,CAAAATTTTACAAAGAATCAAAGGAAT
TTR-819,AAUUUUACAAAGAAUCAAAGGAAtt,AAUUCCUUUGAUUCUUUGUAAAAUUUU,AAAATTTTACAAAGAATCAAAGGAATT
TTR-821,UUUUACAAAGAAUCAAAGGAAUUct,AGAAUUCCUUUGAUUCUUUGUAAAAUU,AATTTTACAAAGAATCAAAGGAATTCT
TTR-822,UUUACAAAGAAUCAAAGGAAUUCta,UAGAAUUCCUUUGAUUCUUUGUAAAAU,ATTTTACAAAGAATCAAAGGAATTCTA
TTR-823,UUACAAAGAAUCAAAGGAAUUCUag,CUAGAAUUCCUUUGAUUCUUUGUAAAA,TTTTACAAAGAATCAAAGGAATTCTAG
TTR-824,UACAAAGAAUCAAAGGAAUUCUAga,UCUAGAAUUCCUUUGAUUCUUUGUAAA,TTTACAAAGAATCAAAGGAATTCTAGA
TTR-825,ACAAAGAAUCAAAGGAAUUCUAGaa,UUCUAGAAUUCCUUUGAUUCUUUGUAA,TTACAAAGAATCAAAGGAATTCTAGAA
TTR-826,CAAAGAAUCAAAGGAAUUCUAGAaa,UUUCUAGAAUUCCUUUGAUUCUUUGUA,TACAAAGAATCAAAGGAATTCTAGAAA
TTR-827,AAAGAAUCAAAGGAAUUCUAGAAag,CUUUCUAGAAUUCCUUUGAUUCUUUGU,ACAAAGAATCAAAGGAATTCTAGAAAG
TTR-828,AAGAAUCAAAGGAAUUCUAGAAAgt,ACUUUCUAGAAUUCCUUUGAUUCUUUG,CAAAGAATCAAAGGAATTCTAGAAAGT
TTR-829,AGAAUCAAAGGAAUUCUAGAAAGta,UACUUUCUAGAAUUCCUUUGAUUCUUU,AAAGAATCAAAGGAATTCTAGAAAGTA
TTR-830,GAAUCAAAGGAAUUCUAGAAAGUat,AUACUUUCUAGAAUUCCUUUGAUUCUU,AAGAATCAAAGGAATTCTAGAAAGTAT
TTR-831,AAUCAAAGGAAUUCUAGAAAGUAtc,GAUACUUUCUAGAAUUCCUUUGAUUCU,AGAATCAAAGGAATTCTAGAAAGTATC
TTR-832,AUCAAAGGAAUUCUAGAAAGUAUct,AGAUACUUUCUAGAAUUCCUUUGAUUC,GAATCAAAGGAATTCTAGAAAGTATCT
TTR-833,UCAAAGGAAUUCUAGAAAGUAUCtg,CAGAUACUUUCUAGAAUUCCUUUGAUU,AATCAAAGGAATTCTAGAAAGTATCTG
TTR-834,CAAAGGAAUUCUAGAAAGUAUCUgg,CCAGAUACUUUCUAGAAUUCCUUUGAU,ATCAAAGGAATTCTAGAAAGTATCTGG
TTR-835,AAAGGAAUUCUAGAAAGUAUCUGgg,CCCAGAUACUUUCUAGAAUUCCUUUGA,TCAAAGGAATTCTAGAAAGTATCTGGG
TTR-869,AGGAGAGAUCCAAAUUUCCAUUGtc,GACAAUGGAAAUUUGGAUCUCUCCUAG,CTAGGAGAGATCCAAATTTCCATTGTC
TTR-870,GGAGAGAUCCAAAUUUCCAUUGUct,AGACAAUGGAAAUUUGGAUCUCUCCUA,TAGGAGAGATCCAAATTTCCATTGTCT
TTR-873,GAGAUCCAAAUUUCCAUUGUCUUgc,GCAAGACAAUGGAAAUUUGGAUCUCUC,GAGAGATCCAAATTTCCATTGTCTTGC
TTR-874,AGAUCCAAAUUUCCAUUGUCUUGca,UGCAAGACAAUGGAAAUUUGGAUCUCU,AGAGATCCAAATTTCCATTGTCTTGCA
TTR-875,GAUCCAAAUUUCCAUUGUCUUGCaa,UUGCAAGACAAUGGAAAUUUGGAUCUC,GAGATCCAAATTTCCATTGTCTTGCAA
TTR-876,AUCCAAAUUUCCAUUGUCUUGCAag,CUUGCAAGACAAUGGAAAUUUGGAUCU,AGATCCAAATTTCCATTGTCTTGCAAG
TTR-877,UCCAAAUUUCCAUUGUCUUGCAAgc,GCUUGCAAGACAAUGGAAAUUUGGAUC,GATCCAAATTTCCATTGTCTTGCAAGC
TTR-878,CCAAAUUUCCAUUGUCUUGCAAGca,UGCUUGCAAGACAAUGGAAAUUUGGAU,ATCCAAATTTCCATTGTCTTGCAAGCA
TTR-879,CAAAUUUCCAUUGUCUUGCAAGCaa,UUGCUUGCAAGACAAUGGAAAUUUGGA,TCCAAATTTCCATTGTCTTGCAAGCAA
TTR-880,AAAUUUCCAUUGUCUUGCAAGCAaa,UUUGCUUGCAAGACAAUGGAAAUUUGG,CCAAATTTCCATTGTCTTGCAAGCAAA
TTR-881,AAUUUCCAUUGUCUUGCAAGCAAag,CUUUGCUUGCAAGACAAUGGAAAUUUG,CAAATTTCCATTGTCTTGCAAGCAAAG
TTR-882,AUUUCCAUUGUCUUGCAAGCAAAgc,GCUUUGCUUGCAAGACAAUGGAAAUUU,AAATTTCCATTGTCTTGCAAGCAAAGC
TTR-883,UUUCCAUUGUCUUGCAAGCAAAGca,UGCUUUGCUUGCAAGACAAUGGAAAUU,AATTTCCATTGTCTTGCAAGCAAAGCA
TTR-884,UUCCAUUGUCUUGCAAGCAAAGCac,GUGCUUUGCUUGCAAGACAAUGGAAAU,ATTTCCATTGTCTTGCAAGCAAAGCAC
TTR-885,UCCAUUGUCUUGCAAGCAAAGCAcg,CGUGCUUUGCUUGCAAGACAAUGGAAA,TTTCCATTGTCTTGCAAGCAAAGCACG
TTR-886,CCAUUGUCUUGCAAGCAAAGCACgt,ACGUGCUUUGCUUGCAAGACAAUGGAA,TTCCATTGTCTTGCAAGCAAAGCACGT
TTR-887,CAUUGUCUUGCAAGCAAAGCACGta,UACGUGCUUUGCUUGCAAGACAAUGGA,TCCATTGTCTTGCAAGCAAAGCACGTA
TTR-888,AUUGUCUUGCAAGCAAAGCACGUat,AUACGUGCUUUGCUUGCAAGACAAUGG,CCATTGTCTTGCAAGCAAAGCACGTAT
TTR-889,UUGUCUUGCAAGCAAAGCACGUAtt,AAUACGUGCUUUGCUUGCAAGACAAUG,CATTGTCTTGCAAGCAAAGCACGTATT
TTR-890,UGUCUUGCAAGCAAAGCACGUAUta,UAAUACGUGCUUUGCUUGCAAGACAAU,ATTGTCTTGCAAGCAAAGCACGTATTA
TTR-891,GUCUUGCAAGCAAAGCACGUAUUaa,UUAAUACGUGCUUUGCUUGCAAGACAA,TTGTCTTGCAAGCAAAGCACGTATTAA
TTR-892,UCUUGCAAGCAAAGCACGUAUUAaa,UUUAAUACGUGCUUUGCUUGCAAGACA,TGTCTTGCAAGCAAAGCACGTATTAAA
TTR-893,CUUGCAAGCAAAGCACGUAUUAAat,AUUUAAUACGUGCUUUGCUUGCAAGAC,GTCTTGCAAGCAAAGCACGTATTAAAT
TTR-894,UUGCAAGCAAAGCACGUAUUAAAta,UAUUUAAUACGUGCUUUGCUUGCAAGA,TCTTGCAAGCAAAGCACGTATTAAATA
TTR-895,UGCAAGCAAAGCACGUAUUAAAUat,AUAUUUAAUACGUGCUUUGCUUGCAAG,CTTGCAAGCAAAGCACGTATTAAATAT
TTR-896,GCAAGCAAAGCACGUAUUAAAUAtg,CAUAUUUAAUACGUGCUUUGCUUGCAA,TTGCAAGCAAAGCACGTATTAAATATG
TTR-897,CAAGCAAAGCACGUAUUAAAUAUga,UCAUAUUUAAUACGUGCUUUGCUUGCA,TGCAAGCAAAGCACGTATTAAATATGA
TTR-898,AAGCAAAGCACGUAUUAAAUAUGat,AUCAUAUUUAAUACGUGCUUUGCUUGC,GCAAGCAAAGCACGTATTAAATATGAT
TTR-899,AGCAAAGCACGUAUUAAAUAUGAtc,GAUCAUAUUUAAUACGUGCUUUGCUUG,CAAGCAAAGCACGTATTAAATATGATC
TTR-900,GCAAAGCACGUAUUAAAUAUGAUct,AGAUCAUAUUUAAUACGUGCUUUGCUU,AAGCAAAGCACGTATTAAATATGATCT
TTR-901,CAAAGCACGUAUUAAAUAUGAUCtg,CAGAUCAUAUUUAAUACGUGCUUUGCU,AGCAAAGCACGTATTAAATATGATCTG
TTR-902,AAAGCACGUAUUAAAUAUGAUCUgc,GCAGAUCAUAUUUAAUACGUGCUUUGC,GCAAAGCACGTATTAAATATGATCTGC
TTR-903,AAGCACGUAUUAAAUAUGAUCUGca,UGCAGAUCAUAUUUAAUACGUGCUUUG,CAAAGCACGTATTAAATATGATCTGCA
TTR-904,AGCACGUAUUAAAUAUGAUCUGCag,CUGCAGAUCAUAUUUAAUACGUGCUUU,AAAGCACGTATTAAATATGATCTGCAG
TTR-905,GCACGUAUUAAAUAUGAUCUGCAgc,GCUGCAGAUCAUAUUUAAUACGUGCUU,AAGCACGTATTAAATATGATCTGCAGC
TTR-906,CACGUAUUAAAUAUGAUCUGCAGcc,GGCUGCAGAUCAUAUUUAAUACGUGCU,AGCACGTATTAAATATGATCTGCAGCC
TTR-908,CGUAUUAAAUAUGAUCUGCAGCCat,AUGGCUGCAGAUCAUAUUUAAUACGUG,CACGTATTAAATATGATCTGCAGCCAT
TTR-909,GUAUUAAAUAUGAUCUGCAGCCAtt,AAUGGCUGCAGAUCAUAUUUAAUACGU,ACGTATTAAATATGATCTGCAGCCATT
TTR-911,AUUAAAUAUGAUCUGCAGCCAUUaa,UUAAUGGCUGCAGAUCAUAUUUAAUAC,GTATTAAATATGATCTGCAGCCATTAA
TTR-912,UUAAAUAUGAUCUGCAGCCAUUAaa,UUUAAUGGCUGCAGAUCAUAUUUAAUA,TATTAAATATGATCTGCAGCCATTAAA
TTR-913,UAAAUAUGAUCUGCAGCCAUUAAaa,UUUUAAUGGCUGCAGAUCAUAUUUAAU,ATTAAATATGATCTGCAGCCATTAAAA
TTR-914,AAAUAUGAUCUGCAGCCAUUAAAaa,UUUUUAAUGGCUGCAGAUCAUAUUUAA,TTAAATATGATCTGCAGCCATTAAAAA
TTR-915,AAUAUGAUCUGCAGCCAUUAAAAag,CUUUUUAAUGGCUGCAGAUCAUAUUUA,TAAATATGATCTGCAGCCATTAAAAAG
TTR-916,AUAUGAUCUGCAGCCAUUAAAAAga,UCUUUUUAAUGGCUGCAGAUCAUAUUU,AAATATGATCTGCAGCCATTAAAAAGA
TTR-917,UAUGAUCUGCAGCCAUUAAAAAGac,GUCUUUUUAAUGGCUGCAGAUCAUAUU,AATATGATCTGCAGCCATTAAAAAGAC
TTR-918,AUGAUCUGCAGCCAUUAAAAAGAca,UGUCUUUUUAAUGGCUGCAGAUCAUAU,ATATGATCTGCAGCCATTAAAAAGACA
TTR-919,UGAUCUGCAGCCAUUAAAAAGACac,GUGUCUUUUUAAUGGCUGCAGAUCAUA,TATGATCTGCAGCCATTAAAAAGACAC
