duplex,position,oligo,strand,sequence,seq_id
AD-18323,618,A-32335,S,GGGAuuucAuGuAAccAAGdTdT,1332
AD-18324,619,A-32337,S,GGAuuucAuGuAAccAAGAdTdT,1334
AD-23000,620,A-42927,S,GAuuucAuGuAAccAAGAGdTdT,1336
AD-23001,621,A-42929,S,AuuucAuGuAAccAAGAGudTdT,1338
AD-23002,622,A-42931,S,uuucAuGuAAccAAGAGuAdTdT,1340
AD-23003,623,A-42933,S,uucAuGuAAccAAGAGuAudTdT,1342
AD-18325,624,A-32339,S,ucAuGuAAccAAGAGuAuudTdT,1344
AD-23004,625,A-42935,S,cAuGuAAccAAGAGuAuucdTdT,1346
AD-18326,626,A-32341,S,AuGuAAccAAGAGuAuuccdTdT,1348
AD-18327,627,A-32343,S,uGuAAccAAGAGuAuuccAdTdT,1350
AD-23005,628,A-42937,S,uAAccAAGAGuAuuccAuudTdT,1352
AD-23006,629,A-42939,S,AAccAAGAGuAuuccAuuudTdT,1354
AD-23007,631,A-42941,S,AccAAGAGuAuuccAuuuudTdT,1356
AD-23008,632,A-42943,S,ccAAGAGuAuuccAuuuuudTdT,1358
AD-23009,633,A-42945,S,cAAGAGuAuuccAuuuuuAdTdT,1360
AD-23010,634,A-42947,S,AAGAGuAuuccAuuuuuAcdTdT,1362
AD-23011,635,A-42949,S,AGAGuAuuccAuuuuuAcudTdT,1364
AD-23012,636,A-42951,S,GAGuAuuccAuuuuuAcuAdTdT,1366
AD-23013,637,A-42953,S,AGuAuuccAuuuuuAcuAAdTdT,1368
AD-23014,638,A-42955,S,GuAuuccAuuuuuAcuAAAdTdT,1370
AD-23015,639,A-42957,S,uAuuccAuuuuuAcuAAAGdTdT,1372
AD-23016,640,A-42959,S,AuuccAuuuuuAcuAAAGcdTdT,1374
AD-23017,641,A-42961,S,uuccAuuuuuAcuAAAGcAdTdT,1376
AD-23018,642,A-42963,S,uccAuuuuuAcuAAAGcAGdTdT,1378
AD-23019,643,A-42965,S,ccAuuuuuAcuAAAGcAGudTdT,1380
AD-23020,644,A-42967,S,cAuuuuuAcuAAAGcAGuGdTdT,1382
AD-23021,645,A-42969,S,AuuuuuAcuAAAGcAGuGudTdT,1384
AD-23022,646,A-42971,S,uuuuuAcuAAAGcAGuGuudTdT,1386
AD-23023,647,A-42973,S,uuuuAcuAAAGcAGuGuuudTdT,1388
AD-23024,648,A-42975,S,uuuAcuAAAGcAGuGuuuudTdT,1390
AD-23025,649,A-42977,S,uuAcuAAAGcAGuGuuuucdTdT,1392
AD-23026,650,A-42979,S,uAcuAAAGcAGuGuuuucAdTdT,1394
AD-23027,651,A-42981,S,AcuAAAGcAGuGuuuucAcdTdT,1396
AD-23028,652,A-42983,S,cuAAAGcAGuGuuuucAccdTdT,1398
AD-18330,653,A-32349,S,uAAAGcAGuGuuuucAccudTdT,1400
AD-23029,654,A-42985,S,AAAGcAGuGuuuucAccucdTdT,1402
AD-23030,655,A-42987,S,AAGcAGuGuuuucAccucAdTdT,1404
AD-23031,656,A-42989,S,AGcAGuGuuuucAccucAudTdT,1406
AD-18328,628,A-32345,S,GuAAccAAGAGuAuuccAudTdT,1408
