duplex,singledose_hepg2_qpcr,singledose_hepg2_bdna,ic50_hepg2_qpcr_nM,ic50_hepg2_bdna_nM,ic50_hep3b_qpcr_nM,ic50_hep3b_bdna_nM
AD-18243,50.35,141.53,ND,ND,ND,ND
AD-18244,64.26,158.55,ND,ND,ND,ND
AD-18245,56.89,107.22,ND,ND,ND,ND
AD-18246,10.53,32.51,0.265,0.086,ND,ND
AD-18247,125.56,69.57,ND,ND,ND,ND
AD-18248,127.78,66.97,ND,ND,ND,ND
AD-18249,48.77,48.76,ND,ND,ND,ND
AD-18250,96.94,86.42,ND,ND,ND,ND
AD-18251,170.41,129.15,ND,ND,ND,ND
AD-18252,73.52,81.90,ND,ND,ND,ND
AD-18253,25.25,61.25,ND,ND,ND,ND
AD-18254,95.13,103.96,ND,ND,ND,ND
AD-18255,119.46,ND,ND,ND,ND,ND
AD-18256,42.64,95.67,ND,ND,ND,ND
AD-18257,146.25,141.75,ND,ND,ND,ND
AD-18258,10.20,13.41,0.007,0.005,0.004,0.005
AD-18259,9.30,20.91,0.102,0.005,ND,ND
AD-18260,125.37,81.36,ND,ND,ND,ND
AD-18261,14.27,19.40,0.210,ND,ND,ND
AD-18262,84.95,104.05,ND,ND,ND,ND
AD-18263,16.32,23.25,0.110,ND,ND,ND
AD-18264,104.18,83.69,ND,ND,ND,ND
AD-18265,41.62,64.87,ND,ND,ND,ND
AD-18266,39.98,110.53,ND,ND,ND,ND
AD-18267,149.64,ND,ND,ND,ND,ND
AD-18268,152.93,174.04,ND,ND,ND,ND
AD-18269,37.27,92.28,ND,ND,ND,ND
AD-18270,99.44,164.75,ND,ND,ND,ND
AD-18271,18.89,28.33,0.503,0.004,ND,ND
AD-18272,128.32,132.58,ND,ND,ND,ND
AD-18273,115.78,201.95,ND,ND,ND,ND
AD-18274,8.97,20.04,0.009,0.176,0.036,0.012
AD-18275,4.09,22.25,0.026,0.118,ND,ND
AD-18276,19.73,45.22,0.198,0.677,ND,ND
AD-18277,10.55,26.31,0.121,0.426,ND,ND
AD-18278,108.86,116.26,ND,ND,ND,ND
AD-18279,66.59,ND,ND,ND,ND,ND
AD-18280,103.26,170.52,ND,ND,ND,ND
AD-18281,87.98,123.88,ND,ND,ND,ND
AD-18282,82.47,140.32,ND,ND,ND,ND
AD-18283,106.54,182.78,ND,ND,ND,ND
AD-18284,106.93,151.78,ND,ND,ND,ND
AD-18285,26.58,60.05,ND,0.089,ND,ND
AD-18286,109.95,173.66,ND,ND,ND,ND
AD-18287,54.23,155.45,ND,ND,ND,ND
AD-18288,73.52,174.09,ND,ND,ND,ND
AD-18289,103.36,174.76,ND,ND,ND,ND
AD-18290,17.06,52.04,1.253,0.181,ND,ND
AD-18291,7.71,169.29,1.304,0.019,ND,ND
AD-18292,7.51,210.03,0.604,0.005,ND,ND
AD-18293,3.61,62.53,0.078,0.003,ND,ND
AD-18294,111.53,107.56,ND,ND,ND,ND
AD-18295,115.88,105.37,ND,ND,ND,ND
AD-18296,57.03,38.03,ND,ND,ND,ND
AD-18297,87.69,73.87,ND,ND,ND,ND
AD-18298,10.39,7.25,0.455,0.008,ND,ND
AD-18299,18.79,18.06,0.895,0.014,ND,ND
AD-18300,108.70,ND,ND,ND,ND,ND
AD-18301,114.22,70.50,ND,ND,ND,ND
AD-18302,116.19,122.40,ND,ND,ND,ND
AD-18303,124.89,ND,ND,ND,ND,ND
AD-18304,132.99,89.54,ND,ND,ND,ND
AD-18305,153.10,ND,ND,ND,ND,ND
AD-18306,159.22,ND,ND,ND,ND,ND
AD-18307,116.83,84.57,ND,ND,ND,ND
AD-18308,156.72,87.80,ND,ND,ND,ND
AD-18309,113.22,101.97,ND,ND,ND,ND
AD-18310,132.33,ND,ND,ND,ND,ND
AD-18311,161.68,92.92,ND,ND,ND,ND
AD-18312,103.01,71.17,ND,ND,ND,ND
AD-18313,120.65,53.26,ND,ND,ND,ND
AD-18314,116.33,ND,ND,ND,ND,ND
AD-18315,115.13,ND,ND,ND,ND,ND
AD-18316,118.73,122.34,ND,ND,ND,ND
AD-18317,114.03,121.10,ND,ND,ND,ND
AD-18318,80.85,122.57,ND,ND,ND,ND
AD-18319,119.14,148.87,ND,ND,ND,ND
AD-18320,22.86,55.43,ND,0.023,0.403,ND
AD-18321,6.44,31.56,0.001,0.033,ND,ND
AD-18322,54.21,100.46,ND,ND,ND,ND
AD-18323,6.37,28.71,0.005,0.023,ND,ND
AD-18324,2.53,15.98,0.002,0.006,0.005,0.014
AD-18325,2.52,11.96,0.001,0.016,ND,ND
AD-18326,18.34,43.16,0.025,0.186,ND,ND
AD-18327,18.28,13.90,0.044,0.215,ND,ND
AD-18328,4.53,26.04,0.003,0.004,0.006,0.006
AD-18329,96.93,131.54,ND,ND,ND,ND
AD-18330,11.80,45.18,0.0004,0.010,0.020,ND
AD-18331,117.77,163.07,ND,ND,ND,ND
AD-18332,11.53,35.09,0.001,0.076,0.065,ND
AD-18333,12.24,46.94,0.001,0.115,0.075,ND
AD-18334,16.27,55.28,0.0004,0.181,1.071,ND
AD-18335,53.52,112.80,ND,ND,ND,ND
AD-18336,6.39,33.00,0.001,0.112,0.081,ND
AD-18337,51.77,105.33,ND,ND,ND,ND
AD-18338,48.21,102.86,ND,ND,ND,ND
AD-18339,6.48,26.56,0.004,0.002,0.018,0.029
AD-18340,4.53,30.76,0.002,0.002,ND,ND
AD-18341,31.27,100.41,ND,ND,ND,ND
AD-18342,7.60,42.89,ND,0.016,0.076,ND
AD-18343,3.42,17.45,ND,0.001,ND,ND
AD-18344,75.08,134.31,ND,ND,ND,ND
AD-18345,13.62,42.75,0.002,0.013,ND,ND
AD-18346,59.25,121.10,ND,ND,ND,ND
AD-18347,91.23,139.54,ND,ND,ND,ND
AD-18348,89.95,159.29,ND,ND,ND,ND
AD-18349,108.01,144.96,ND,ND,ND,ND
AD-18350,123.65,125.87,ND,ND,ND,ND
AD-18351,108.36,104.02,ND,ND,ND,ND
AD-18352,87.82,128.72,ND,ND,ND,ND
AD-18353,14.40,65.77,0.012,0.027,ND,ND
AD-18354,99.27,123.53,ND,ND,ND,ND
AD-18355,135.04,150.88,ND,ND,ND,ND
AD-18356,100.76,178.96,ND,ND,ND,ND
AD-18357,125.30,162.85,ND,ND,ND,ND
AD-18358,103.15,136.01,ND,ND,ND,ND
AD-18359,34.74,140.48,ND,ND,ND,ND
AD-18360,103.86,146.86,ND,ND,ND,ND
AD-18361,105.74,152.74,ND,ND,ND,ND
AD-18362,106.96,188.22,ND,ND,ND,ND
AD-18363,124.22,58.46,ND,ND,ND,ND
AD-18364,113.75,66.87,ND,ND,ND,ND
AD-18446,29.73,13.30,ND,ND,ND,ND
AD-18447,109.74,53.63,ND,ND,ND,ND
AD-18448,22.96,8.81,ND,ND,ND,ND
AD-18449,112.59,50.11,ND,ND,ND,ND
AD-18450,89.41,34.89,ND,ND,ND,ND
AD-18451,74.35,23.88,ND,ND,ND,ND
AD-18452,125.25,54.86,ND,ND,ND,ND
AD-18453,126.98,56.31,ND,ND,ND,ND
AD-18454,113.88,52.48,ND,ND,ND,ND
AD-18455,163.00,48.89,ND,ND,ND,ND
AD-18456,15.70,10.52,ND,ND,ND,ND
AD-18457,12.86,8.22,ND,ND,ND,ND
AD-18458,13.00,7.00,ND,ND,ND,ND
AD-18459,14.41,10.72,ND,ND,ND,ND
AD-18460,121.16,74.87,ND,ND,ND,ND
AD-18461,100.53,71.87,ND,ND,ND,ND
AD-18462,47.75,29.35,ND,ND,ND,ND
AD-18463,58.98,44.79,ND,ND,ND,ND
