strand,oligo,position,sequence,seq_id
s,A-32153,100,ccGGuGAAuccAAGuGuccdTdT,841
as,A-32154,118,GGAcACUUGGAUUcACCGGdTdT,842
s,A-32155,11,AcucAuucuuGGcAGGAuGdTdT,843
as,A-32156,29,cAUCCUGCcAAGAAUGAGUdTdT,844
s,A-32157,111,AAGuGuccucuGAuGGucAdTdT,845
as,A-32158,129,UGACcAUcAGAGGAcACUUdTdT,846
s,A-32163,13,ucAuucuuGGcAGGAuGGcdTdT,847
as,A-32164,31,GCcAUCCUGCcAAGAAUGAdTdT,848
s,A-32165,130,AAGuucuAGAuGcuGuccGdTdT,849
as,A-32166,148,CGGAcAGcAUCuAGAACUUdTdT,850
s,A-32167,132,GuucuAGAuGcuGuccGAGdTdT,851
as,A-32168,150,CUCGGAcAGcAUCuAGAACdTdT,852
s,A-32169,135,cuAGAuGcuGuccGAGGcAdTdT,853
as,A-32170,153,UGCCUCGGAcAGcAUCuAGdTdT,854
s,A-32171,138,GAuGcuGuccGAGGcAGucdTdT,855
as,A-32172,156,GACUGCCUCGGAcAGcAUCdTdT,856
s,A-32175,14,cAuucuuGGcAGGAuGGcudTdT,857
as,A-32176,32,AGCcAUCCUGCcAAGAAUGdTdT,858
s,A-32177,140,uGcuGuccGAGGcAGuccudTdT,859
as,A-32178,158,AGGACUGCCUCGGAcAGcAdTdT,860
s,A-32179,146,ccGAGGcAGuccuGccAucdTdT,861
as,A-32180,164,GAUGGcAGGACUGCCUCGGdTdT,862
s,A-32181,152,cAGuccuGccAucAAuGuGdTdT,863
as,A-32182,170,cAcAUUGAUGGcAGGACUGdTdT,864
s,A-32183,164,cAAuGuGGccGuGcAuGuGdTdT,865
as,A-32184,182,cAcAUGcACGGCcAcAUUGdTdT,866
s,A-32187,178,AuGuGuucAGAAAGGcuGcdTdT,867
as,A-32188,196,GcAGCCUUUCUGAAcAcAUdTdT,868
s,A-32189,2,cAGAAGuccAcucAuucuudTdT,869
as,A-32190,20,AAGAAUGAGUGGACUUCUGdTdT,870
s,A-32191,21,GGcAGGAuGGcuucucAucdTdT,871
as,A-32192,39,GAUGAGAAGCcAUCCUGCCdTdT,872
s,A-32193,210,GAGccAuuuGccucuGGGAdTdT,873
as,A-32194,228,UCCcAGAGGcAAAUGGCUCdTdT,874
s,A-32195,23,cAGGAuGGcuucucAucGudTdT,875
as,A-32196,41,ACGAUGAGAAGCcAUCCUGdTdT,876
s,A-32199,24,AGGAuGGcuucucAucGucdTdT,877
as,A-32200,42,GACGAUGAGAAGCcAUCCUdTdT,878
s,A-32201,245,AGAGcuGcAuGGGcucAcAdTdT,879
as,A-32202,263,UGUGAGCCcAUGcAGCUCUdTdT,880
s,A-32203,248,GcuGcAuGGGcucAcAAcudTdT,881
as,A-32204,266,AGUUGUGAGCCcAUGcAGCdTdT,882
s,A-32205,25,GGAuGGcuucucAucGucudTdT,883
as,A-32206,43,AGACGAUGAGAAGCcAUCCdTdT,884
s,A-32207,251,GcAuGGGcucAcAAcuGAGdTdT,885
as,A-32208,269,CUcAGUUGUGAGCCcAUGCdTdT,886
s,A-32211,253,AuGGGcucAcAAcuGAGGAdTdT,887
as,A-32212,271,UCCUcAGUUGUGAGCCcAUdTdT,888
s,A-32213,254,uGGGcucAcAAcuGAGGAGdTdT,889
as,A-32214,272,CUCCUcAGUUGUGAGCCcAdTdT,890
s,A-32215,270,GAGGAAuuuGuAGAAGGGAdTdT,891
as,A-32216,288,UCCCUUCuAcAAAUUCCUCdTdT,892
s,A-32217,276,uuuGuAGAAGGGAuAuAcAdTdT,893
as,A-32218,294,UGuAuAUCCCUUCuAcAAAdTdT,894
s,A-32219,277,uuGuAGAAGGGAuAuAcAAdTdT,895
as,A-32220,295,UUGuAuAUCCCUUCuAcAAdTdT,896
s,A-32221,278,uGuAGAAGGGAuAuAcAAAdTdT,897
as,A-32222,296,UUUGuAuAUCCCUUCuAcAdTdT,898
s,A-32223,281,AGAAGGGAuAuAcAAAGuGdTdT,899
as,A-32224,299,cACUUUGuAuAUCCCUUCUdTdT,900
s,A-32225,295,AAGuGGAAAuAGAcAccAAdTdT,901
as,A-32226,313,UUGGUGUCuAUUUCcACUUdTdT,902
s,A-32227,299,GGAAAuAGAcAccAAAucudTdT,903
as,A-32228,317,AGAUUUGGUGUCuAUUUCCdTdT,904
s,A-32229,300,GAAAuAGAcAccAAAucuudTdT,905
as,A-32230,318,AAGAUUUGGUGUCuAUUUCdTdT,906
s,A-32231,303,AuAGAcAccAAAucuuAcudTdT,907
as,A-32232,321,AGuAAGAUUUGGUGUCuAUdTdT,908
s,A-32233,304,uAGAcAccAAAucuuAcuGdTdT,909
as,A-32234,322,cAGuAAGAUUUGGUGUCuAdTdT,910
s,A-32235,305,AGAcAccAAAucuuAcuGGdTdT,911
as,A-32236,323,CcAGuAAGAUUUGGUGUCUdTdT,912
s,A-32237,317,uuAcuGGAAGGcAcuuGGcdTdT,913
as,A-32238,335,GCcAAGUGCCUUCcAGuAAdTdT,914
s,A-32239,32,uucucAucGucuGcuccucdTdT,915
as,A-32240,50,GAGGAGcAGACGAUGAGAAdTdT,916
s,A-32241,322,GGAAGGcAcuuGGcAucucdTdT,917
as,A-32242,340,GAGAUGCcAAGUGCCUUCCdTdT,918
s,A-32243,326,GGcAcuuGGcAucuccccAdTdT,919
as,A-32244,344,UGGGGAGAUGCcAAGUGCCdTdT,920
s,A-32247,333,GGcAucuccccAuuccAuGdTdT,921
as,A-32248,351,cAUGGAAUGGGGAGAUGCCdTdT,922
s,A-32249,334,GcAucuccccAuuccAuGAdTdT,923
as,A-32250,352,UcAUGGAAUGGGGAGAUGCdTdT,924
s,A-32251,335,cAucuccccAuuccAuGAGdTdT,925
as,A-32252,353,CUcAUGGAAUGGGGAGAUGdTdT,926
s,A-32253,336,AucuccccAuuccAuGAGcdTdT,927
as,A-32254,354,GCUcAUGGAAUGGGGAGAUdTdT,928
s,A-32255,338,cuccccAuuccAuGAGcAudTdT,929
as,A-32256,356,AUGCUcAUGGAAUGGGGAGdTdT,930
s,A-32259,341,cccAuuccAuGAGcAuGcAdTdT,931
as,A-32260,359,UGcAUGCUcAUGGAAUGGGdTdT,932
s,A-32261,347,ccAuGAGcAuGcAGAGGuGdTdT,933
as,A-32262,365,cACCUCUGcAUGCUcAUGGdTdT,934
s,A-32263,352,AGcAuGcAGAGGuGGuAuudTdT,935
as,A-32264,370,AAuACcACCUCUGcAUGCUdTdT,936
s,A-32265,354,cAuGcAGAGGuGGuAuucAdTdT,937
as,A-32266,372,UGAAuACcACCUCUGcAUGdTdT,938
s,A-32267,355,AuGcAGAGGuGGuAuucAcdTdT,939
as,A-32268,373,GUGAAuACcACCUCUGcAUdTdT,940
s,A-32269,362,GGuGGuAuucAcAGccAAcdTdT,941
as,A-32270,380,GUUGGCUGUGAAuACcACCdTdT,942
s,A-32271,363,GuGGuAuucAcAGccAAcGdTdT,943
as,A-32272,381,CGUUGGCUGUGAAuACcACdTdT,944
s,A-32273,364,uGGuAuucAcAGccAAcGAdTdT,945
as,A-32274,382,UCGUUGGCUGUGAAuACcAdTdT,946
s,A-32275,365,GGuAuucAcAGccAAcGAcdTdT,947
as,A-32276,383,GUCGUUGGCUGUGAAuACCdTdT,948
s,A-32277,366,GuAuucAcAGccAAcGAcudTdT,949
as,A-32278,384,AGUCGUUGGCUGUGAAuACdTdT,950
s,A-32279,367,uAuucAcAGccAAcGAcucdTdT,951
as,A-32280,385,GAGUCGUUGGCUGUGAAuAdTdT,952
s,A-32281,370,ucAcAGccAAcGAcuccGGdTdT,953
as,A-32282,388,CCGGAGUCGUUGGCUGUGAdTdT,954
s,A-32283,390,ccccGccGcuAcAccAuuGdTdT,955
as,A-32284,408,cAAUGGUGuAGCGGCGGGGdTdT,956
s,A-32285,4,GAAGuccAcucAuucuuGGdTdT,957
as,A-32286,22,CcAAGAAUGAGUGGACUUCdTdT,958
s,A-32287,412,cccuGcuGAGccccuAcucdTdT,959
as,A-32288,430,GAGuAGGGGCUcAGcAGGGdTdT,960
s,A-32289,417,cuGAGccccuAcuccuAuudTdT,961
as,A-32290,435,AAuAGGAGuAGGGGCUcAGdTdT,962
s,A-32291,418,uGAGccccuAcuccuAuucdTdT,963
as,A-32292,436,GAAuAGGAGuAGGGGCUcAdTdT,964
s,A-32295,422,ccccuAcuccuAuuccAccdTdT,965
as,A-32296,440,GGUGGAAuAGGAGuAGGGGdTdT,966
s,A-32297,425,cuAcuccuAuuccAccAcGdTdT,967
as,A-32298,443,CGUGGUGGAAuAGGAGuAGdTdT,968
s,A-32299,426,uAcuccuAuuccAccAcGGdTdT,969
as,A-32300,444,CCGUGGUGGAAuAGGAGuAdTdT,970
s,A-32301,427,AcuccuAuuccAccAcGGcdTdT,971
as,A-32302,445,GCCGUGGUGGAAuAGGAGUdTdT,972
s,A-32303,429,uccuAuuccAccAcGGcuGdTdT,973
as,A-32304,447,cAGCCGUGGUGGAAuAGGAdTdT,974
s,A-32307,432,uAuuccAccAcGGcuGucGdTdT,975
as,A-32308,450,CGAcAGCCGUGGUGGAAuAdTdT,976
s,A-32309,433,AuuccAccAcGGcuGucGudTdT,977
as,A-32310,451,ACGAcAGCCGUGGUGGAAUdTdT,978
s,A-32311,437,cAccAcGGcuGucGucAccdTdT,979
as,A-32312,455,GGUGACGAcAGCCGUGGUGdTdT,980
s,A-32313,438,AccAcGGcuGucGucAccAdTdT,981
as,A-32314,456,UGGUGACGAcAGCCGUGGUdTdT,982
s,A-32315,439,ccAcGGcuGucGucAccAAdTdT,983
as,A-32316,457,UUGGUGACGAcAGCCGUGGdTdT,984
s,A-32319,441,AcGGcuGucGucAccAAucdTdT,985
as,A-32320,459,GAUUGGUGACGAcAGCCGUdTdT,986
s,A-32321,442,cGGcuGucGucAccAAuccdTdT,987
as,A-32322,460,GGAUUGGUGACGAcAGCCGdTdT,988
s,A-32323,449,cGucAccAAucccAAGGAAdTdT,989
as,A-32324,467,UUCCUUGGGAUUGGUGACGdTdT,990
s,A-32325,455,cAAucccAAGGAAuGAGGGdTdT,991
as,A-32326,473,CCCUcAUUCCUUGGGAUUGdTdT,992
s,A-32327,491,ccuGAAGGAcGAGGGAuGGdTdT,993
as,A-32328,509,CcAUCCCUCGUCCUUcAGGdTdT,994
s,A-32331,497,GGAcGAGGGAuGGGAuuucdTdT,995
as,A-32332,515,GAAAUCCcAUCCCUCGUCCdTdT,996
s,A-32333,5,AAGuccAcucAuucuuGGcdTdT,997
as,A-32334,23,GCcAAGAAUGAGUGGACUUdTdT,998
s,A-32335,508,GGGAuuucAuGuAAccAAGdTdT,999
as,A-32336,526,CUUGGUuAcAUGAAAUCCCdTdT,1000
s,A-32337,509,GGAuuucAuGuAAccAAGAdTdT,1001
as,A-32338,527,UCUUGGUuAcAUGAAAUCCdTdT,1002
s,A-32339,514,ucAuGuAAccAAGAGuAuudTdT,1003
as,A-32340,532,AAuACUCUUGGUuAcAUGAdTdT,1004
s,A-32341,516,AuGuAAccAAGAGuAuuccdTdT,1005
as,A-32342,534,GGAAuACUCUUGGUuAcAUdTdT,1006
s,A-32343,517,uGuAAccAAGAGuAuuccAdTdT,1007
as,A-32344,535,UGGAAuACUCUUGGUuAcAdTdT,1008
s,A-32345,518,GuAAccAAGAGuAuuccAudTdT,1009
as,A-32346,536,AUGGAAuACUCUUGGUuACdTdT,1010
s,A-32347,54,uGccuuGcuGGAcuGGuAudTdT,1011
as,A-32348,72,AuACcAGUCcAGcAAGGcAdTdT,1012
s,A-32349,543,uAAAGcAGuGuuuucAccudTdT,1013
as,A-32350,561,AGGUGAAAAcACUGCUUuAdTdT,1014
s,A-32351,55,GccuuGcuGGAcuGGuAuudTdT,1015
as,A-32352,73,AAuACcAGUCcAGcAAGGCdTdT,1016
s,A-32353,551,uGuuuucAccucAuAuGcudTdT,1017
as,A-32354,569,AGcAuAUGAGGUGAAAAcAdTdT,1018
s,A-32355,552,GuuuucAccucAuAuGcuAdTdT,1019
as,A-32356,570,uAGcAuAUGAGGUGAAAACdTdT,1020
s,A-32357,553,uuuucAccucAuAuGcuAudTdT,1021
as,A-32358,571,AuAGcAuAUGAGGUGAAAAdTdT,1022
s,A-32359,555,uucAccucAuAuGcuAuGudTdT,1023
as,A-32360,573,AcAuAGcAuAUGAGGUGAAdTdT,1024
s,A-32363,557,cAccucAuAuGcuAuGuuAdTdT,1025
as,A-32364,575,uAAcAuAGcAuAUGAGGUGdTdT,1026
s,A-32367,56,ccuuGcuGGAcuGGuAuuudTdT,1027
as,A-32368,74,AAAuACcAGUCcAGcAAGGdTdT,1028
s,A-32369,563,AuAuGcuAuGuuAGAAGucdTdT,1029
as,A-32370,581,GACUUCuAAcAuAGcAuAUdTdT,1030
s,A-32371,564,uAuGcuAuGuuAGAAGuccdTdT,1031
as,A-32372,582,GGACUUCuAAcAuAGcAuAdTdT,1032
s,A-32373,566,uGcuAuGuuAGAAGuccAGdTdT,1033
as,A-32374,584,CUGGACUUCuAAcAuAGcAdTdT,1034
s,A-32375,57,cuuGcuGGAcuGGuAuuuGdTdT,1035
as,A-32376,75,cAAAuACcAGUCcAGcAAGdTdT,1036
s,A-32379,578,AGuccAGGcAGAGAcAAuAdTdT,1037
as,A-32380,596,uAUUGUCUCUGCCUGGACUdTdT,1038
s,A-32381,580,uccAGGcAGAGAcAAuAAAdTdT,1039
as,A-32382,598,UUuAUUGUCUCUGCCUGGAdTdT,1040
s,A-32383,607,GuGAAAGGcAcuuuucAuudTdT,1041
as,A-32384,625,AAUGAAAAGUGCCUUUcACdTdT,1042
s,A-32385,62,uGGAcuGGuAuuuGuGucudTdT,1043
as,A-32386,80,AGAcAcAAAuACcAGUCcAdTdT,1044
s,A-32387,77,GucuGAGGcuGGcccuAcGdTdT,1045
as,A-32388,95,CGuAGGGCcAGCCUcAGACdTdT,1046
s,A-32391,79,cuGAGGcuGGcccuAcGGGdTdT,1047
as,A-32392,97,CCCGuAGGGCcAGCCUcAGdTdT,1048
s,A-32393,81,GAGGcuGGcccuAcGGGcAdTdT,1049
as,A-32394,99,UGCCCGuAGGGCcAGCCUCdTdT,1050
s,A-32395,82,AGGcuGGcccuAcGGGcAcdTdT,1051
as,A-32396,100,GUGCCCGuAGGGCcAGCCUdTdT,1052
s,A-32397,84,GcuGGcccuAcGGGcAccGdTdT,1053
as,A-32398,102,CGGUGCCCGuAGGGCcAGCdTdT,1054
s,A-32399,85,cuGGcccuAcGGGcAccGGdTdT,1055
as,A-32400,103,CCGGUGCCCGuAGGGCcAGdTdT,1056
s,A-32401,87,GGcccuAcGGGcAccGGuGdTdT,1057
as,A-32402,105,cACCGGUGCCCGuAGGGCCdTdT,1058
s,A-32403,9,ccAcucAuucuuGGcAGGAdTdT,1059
as,A-32404,27,UCCUGCcAAGAAUGAGUGGdTdT,1060
s,A-32405,90,ccuAcGGGcAccGGuGAAudTdT,1061
as,A-32406,108,AUUcACCGGUGCCCGuAGGdTdT,1062
s,A-32407,91,cuAcGGGcAccGGuGAAucdTdT,1063
as,A-32408,109,GAUUcACCGGUGCCCGuAGdTdT,1064
s,A-32409,92,uAcGGGcAccGGuGAAuccdTdT,1065
as,A-32410,110,GGAUUcACCGGUGCCCGuAdTdT,1066
s,A-32411,93,AcGGGcAccGGuGAAuccAdTdT,1067
as,A-32412,111,UGGAUUcACCGGUGCCCGUdTdT,1068
s,A-32415,97,GcAccGGuGAAuccAAGuGdTdT,1069
as,A-32416,115,cACUUGGAUUcACCGGUGCdTdT,1070
s,A-32417,98,cAccGGuGAAuccAAGuGudTdT,1071
as,A-32418,116,AcACUUGGAUUcACCGGUGdTdT,1072
s,A-32419,167,uGuGGccAuGcAuGuGuucdTdT,1073
as,A-32420,185,GAAcAcAUGcAUGGCcAcAdTdT,1074
s,A-32421,168,GuGGccAuGcAuGuGuucAdTdT,1075
as,A-32422,186,UGAAcAcAUGcAUGGCcACdTdT,1076
s,A-32423,171,GccAuGcAuGuGuucAGAAdTdT,1077
as,A-32424,189,UUCUGAAcAcAUGcAUGGCdTdT,1078
s,A-32427,432,uAuuccAccAcGGcuGucAdTdT,1079
as,A-32428,449,UGAcAGCCGUGGUGGAAuAdTdT,1080
s,A-32429,447,GucAucAccAAucccAAGGdTdT,1081
as,A-32430,465,CCUUGGGAUUGGUGAUGACdTdT,1082
s,A-32159,115,GuccucuGAuGGucAAAGudTdT,1083
as,A-32160,133,ACUUUGACcAUcAGAGGACdTdT,1084
s,A-32161,122,GAuGGucAAAGuucuAGAudTdT,1085
as,A-32162,140,AUCuAGAACUUUGACcAUCdTdT,1086
s,A-32173,139,AuGcuGuccGAGGcAGuccdTdT,1087
as,A-32174,157,GGACUGCCUCGGAcAGcAUdTdT,1088
s,A-32185,172,ccGuGcAuGuGuucAGAAAdTdT,1089
as,A-32186,190,UUUCUGAAcAcAUGcACGGdTdT,1090
s,A-32197,238,AGucuGGAGAGcuGcAuGGdTdT,1091
as,A-32198,256,CcAUGcAGCUCUCcAGACUdTdT,1092
s,A-32209,252,cAuGGGcucAcAAcuGAGGdTdT,1093
as,A-32210,270,CCUcAGUUGUGAGCCcAUGdTdT,1094
s,A-32245,33,ucucAucGucuGcuccuccdTdT,1095
as,A-32246,51,GGAGGAGcAGACGAUGAGAdTdT,1096
s,A-32257,340,ccccAuuccAuGAGcAuGcdTdT,1097
as,A-32258,358,GcAUGCUcAUGGAAUGGGGdTdT,1098
s,A-32293,421,GccccuAcuccuAuuccAcdTdT,1099
as,A-32294,439,GUGGAAuAGGAGuAGGGGCdTdT,1100
s,A-32305,431,cuAuuccAccAcGGcuGucdTdT,1101
as,A-32306,449,GAcAGCCGUGGUGGAAuAGdTdT,1102
s,A-32317,440,cAcGGcuGucGucAccAAudTdT,1103
as,A-32318,458,AUUGGUGACGAcAGCCGUGdTdT,1104
s,A-32329,496,AGGAcGAGGGAuGGGAuuudTdT,1105
as,A-32330,514,AAAUCCcAUCCCUCGUCCUdTdT,1106
s,A-32361,556,ucAccucAuAuGcuAuGuudTdT,1107
as,A-32362,574,AAcAuAGcAuAUGAGGUGAdTdT,1108
s,A-32365,559,ccucAuAuGcuAuGuuAGAdTdT,1109
as,A-32366,577,UCuAAcAuAGcAuAUGAGGdTdT,1110
s,A-32377,570,AuGuuAGAAGuccAGGcAGdTdT,1111
as,A-32378,588,CUGCCUGGACUUCuAAcAUdTdT,1112
s,A-32389,78,ucuGAGGcuGGcccuAcGGdTdT,1113
as,A-32390,96,CCGuAGGGCcAGCCUcAGAdTdT,1114
s,A-32401,87,GGcccuAcGGGcAccGGuGdTdT,1115
as,A-32402,105,cACCGGUGCCCGuAGGGCCdTdT,1116
s,A-32413,95,GGGcAccGGuGAAuccAAGdTdT,1117
as,A-32414,113,CUUGGAUUcACCGGUGCCCdTdT,1118
s,A-32425,167,ccAuGcAuGuGuucAGAAAdTdT,1119
as,A-32426,185,UUUCUGAAcAcAUGcAUGGdTdT,1120
