sirna_id,sense_seq,anti_seq,parent_sense,parent_anti,sense_mods,anti_mods,exp_ic50_nM,exp_pIC50,exp_Tm_degC,pred_efficacy_pct,pred_pIC50,pred_ic50_nM
siSER-1,ACCAGCGGCCUCUGGACCAdTdT,UGGUCCAGAGGCCGCUGGUdTdT,ACCAGCGGCCUCUGGACCAdTdT,UGGUCCAGAGGCCGCUGGUdTdT,RRRRRRRRRRRRRRRRRRR,RRRRRRRRRRRRRRRRRRR,4.4,8.3565,75.5,41.74,8.4333,3.687
siSER-1m,ACCAGCGGCCUCUGGACCAdTdT,UGGUCCAGAGGCCGCUGGUdTdT,ACCAGCGGCCUCUGGACCAdTdT,UGGUCCAGAGGCCGCUGGUdTdT,MMMMFMFFFMMMMMMMMMM,MFMMMFMMMMMMMFMFMMM,100.0,7.0,86.7,41.74,8.4333,3.687
siSER-2,CUCCCCUGUGAGCAUCUCAdTdT,UGAGAUGCUCACAGGGGAGdTdT,CUCCCCUGUGAGCAUCUCAdTdT,UGAGAUGCUCACAGGGGAGdTdT,RRRRRRRRRRRRRRRRRRR,RRRRRRRRRRRRRRRRRRR,0.11,9.9586,68.5,40.56,8.9274,1.182
siSER-2m,CUCCCCUGUGAGCAUCUCAdTdT,UGAGAUGCUCACAGGGGAGdTdT,CUCCCCUGUGAGCAUCUCAdTdT,UGAGAUGCUCACAGGGGAGdTdT,MMMMFMFFFMMMMMMMMMM,MFMMMFMMMMMMMFMFMMM,27.2,7.5654,78.5,40.56,8.9274,1.182
siSER-3,CCCAGCUUCUCCAGGGCCUdTdT,AGGCCCUGGAGAAGCUGGGdTdT,CCCAGCUUCUCCAGGGCCUdTdT,AGGCCCUGGAGAAGCUGGGdTdT,RRRRRRRRRRRRRRRRRRR,RRRRRRRRRRRRRRRRRRR,0.33,9.4815,74.0,44.23,9.0262,0.9415
siSER-3m,CCCAGCUUCUCCAGGGCCUdTdT,AGGCCCUGGAGAAGCUGGGdTdT,CCCAGCUUCUCCAGGGCCUdTdT,AGGCCCUGGAGAAGCUGGGdTdT,MMMMFMFFFMMMMMMMMMM,MFMMMFMMMMMMMFMFMMM,100.0,7.0,86.1,44.23,9.0262,0.9415
siSER-4,UUGCUGGAGUCAUUCUCAAdTdT,UUGAGAAUGACUCCAGCAAdTdT,UUGCUGGAGUCAUUCUCAAdTdT,UUGAGAAUGACUCCAGCAAdTdT,RRRRRRRRRRRRRRRRRRR,RRRRRRRRRRRRRRRRRRR,0.032,10.4949,59.5,42.71,8.9742,1.0611
siSER-4m,UUGCUGGAGUCAUUCUCAAdTdT,UUGAGAAUGACUCCAGCAAdTdT,UUGCUGGAGUCAUUCUCAAdTdT,UUGAGAAUGACUCCAGCAAdTdT,MMMMFMFFFMMMMMMMMMM,MFMMMFMMMMMMMFMFMMM,0.027,10.5686,69.7,42.71,8.9742,1.0611
siSER-5,AGACAUCAAGCACUACUAUdTdT,AUAGUAGUGCUUGAUGUCUdTdT,AGACAUCAAGCACUACUAUdTdT,AUAGUAGUGCUUGAUGUCUdTdT,RRRRRRRRRRRRRRRRRRR,RRRRRRRRRRRRRRRRRRR,0.2,9.699,56.0,43.34,9.2614,0.5478
siSER-5m,AGACAUCAAGCACUACUAUdTdT,AUAGUAGUGCUUGAUGUCUdTdT,AGACAUCAAGCACUACUAUdTdT,AUAGUAGUGCUUGAUGUCUdTdT,MMMMFMFFFMMMMMMMMMM,MFMMMFMMMMMMMFMFMMM,0.23,9.6383,66.3,43.34,9.2614,0.5478
siSER-6,UCCCCUGCCAGCUGGCGCAdTdT,UGCGCCAGCUGGCAGGGGAdTdT,UCCCCUGCCAGCUGGCGCAdTdT,UGCGCCAGCUGGCAGGGGAdTdT,RRRRRRRRRRRRRRRRRRR,RRRRRRRRRRRRRRRRRRR,2.74,8.5622,76.0,45.03,8.5754,2.6583
siSER-6m,UCCCCUGCCAGCUGGCGCAdTdT,UGCGCCAGCUGGCAGGGGAdTdT,UCCCCUGCCAGCUGGCGCAdTdT,UGCGCCAGCUGGCAGGGGAdTdT,MMMMFMFFFMMMMMMMMMM,MFMMMFMMMMMMMFMFMMM,100.0,7.0,87.7,45.03,8.5754,2.6583
siSER-7,AGGUCACCAUCUCUGGAGUdTdT,ACUCCAGAGAUGGUGACCUdTdT,AGGUCACCAUCUCUGGAGUdTdT,ACUCCAGAGAUGGUGACCUdTdT,RRRRRRRRRRRRRRRRRRR,RRRRRRRRRRRRRRRRRRR,0.56,9.2518,65.1,40.13,9.047,0.8973
siSER-7m,AGGUCACCAUCUCUGGAGUdTdT,ACUCCAGAGAUGGUGACCUdTdT,AGGUCACCAUCUCUGGAGUdTdT,ACUCCAGAGAUGGUGACCUdTdT,MMMMFMFFFMMMMMMMMMM,MFMMMFMMMMMMMFMFMMM,100.0,7.0,78.1,40.13,9.047,0.8973
siSER-8,UCACCUGGAGCAGCCUUUUdTdT,AAAAGGCUGCUCCAGGUGAdTdT,UCACCUGGAGCAGCCUUUUdTdT,AAAAGGCUGCUCCAGGUGAdTdT,RRRRRRRRRRRRRRRRRRR,RRRRRRRRRRRRRRRRRRR,1.3,8.8861,67.1,44.34,8.5148,3.0561
siSER-8m,UCACCUGGAGCAGCCUUUUdTdT,AAAAGGCUGCUCCAGGUGAdTdT,UCACCUGGAGCAGCCUUUUdTdT,AAAAGGCUGCUCCAGGUGAdTdT,MMMMFMFFFMMMMMMMMMM,MFMMMFMMMMMMMFMFMMM,0.15,9.8239,77.6,44.34,8.5148,3.0561
siSER-9,CUGACUUUGGGAACCAGGAdTdT,UCCUGGUUCCCAAAGUCAGdTdT,CUGACUUUGGGAACCAGGAdTdT,UCCUGGUUCCCAAAGUCAGdTdT,RRRRRRRRRRRRRRRRRRR,RRRRRRRRRRRRRRRRRRR,0.16,9.7959,63.2,40.73,9.1828,0.6565
siSER-9m,CUGACUUUGGGAACCAGGAdTdT,UCCUGGUUCCCAAAGUCAGdTdT,CUGACUUUGGGAACCAGGAdTdT,UCCUGGUUCCCAAAGUCAGdTdT,MMMMFMFFFMMMMMMMMMM,MFMMMFMMMMMMMFMFMMM,100.0,7.0,73.7,40.73,9.1828,0.6565
siSER-10,AAGUUCUUCUCCCUCCAAAdTdT,UUUGGAGGGAGAAGAACUUdTdT,AAGUUCUUCUCCCUCCAAAdTdT,UUUGGAGGGAGAAGAACUUdTdT,RRRRRRRRRRRRRRRRRRR,RRRRRRRRRRRRRRRRRRR,0.001,12.0,61.3,45.31,9.3062,0.4941
siSER-10m,AAGUUCUUCUCCCUCCAAAdTdT,UUUGGAGGGAGAAGAACUUdTdT,AAGUUCUUCUCCCUCCAAAdTdT,UUUGGAGGGAGAAGAACUUdTdT,MMMMFMFFFMMMMMMMMMM,MFMMMFMMMMMMMFMFMMM,0.004,11.3979,71.3,45.31,9.3062,0.4941
siAGT-1,ACUUUAGGCAUCUUUUAAUdTdT,AUUAAAAGAUGCCUAAAGUdTdT,ACUUUAGGCAUCUUUUAAUdTdT,AUUAAAAGAUGCCUAAAGUdTdT,RRRRRRRRRRRRRRRRRRR,RRRRRRRRRRRRRRRRRRR,0.0007,12.1549,46.3,45.43,8.7052,1.9713
siAGT-1m,ACUUUAGGCAUCUUUUAAUdTdT,AUUAAAAGAUGCCUAAAGUdTdT,ACUUUAGGCAUCUUUUAAUdTdT,AUUAAAAGAUGCCUAAAGUdTdT,MMMMFMFFFMMMMMMMMMM,MFMMMFMMMMMMMFMFMMM,0.0001,13.0,56.1,45.43,8.7052,1.9713
siAGT-2,CCUGGCUGCAGGUGACCGAdTdT,UCGGUCACCUGCAGCCAGGdTdT,CCUGGCUGCAGGUGACCGAdTdT,UCGGUCACCUGCAGCCAGGdTdT,RRRRRRRRRRRRRRRRRRR,RRRRRRRRRRRRRRRRRRR,0.04,10.3979,72.9,42.85,8.8775,1.3259
siAGT-2m,CCUGGCUGCAGGUGACCGAdTdT,UCGGUCACCUGCAGCCAGGdTdT,CCUGGCUGCAGGUGACCGAdTdT,UCGGUCACCUGCAGCCAGGdTdT,MMMMFMFFFMMMMMMMMMM,MFMMMFMMMMMMMFMFMMM,100.0,7.0,84.5,42.85,8.8775,1.3259
siAGT-3,AGCAAUGACCGCAUCAGGAdTdT,UCCUGAUGCGGUCAUUGCUdTdT,AGCAAUGACCGCAUCAGGAdTdT,UCCUGAUGCGGUCAUUGCUdTdT,RRRRRRRRRRRRRRRRRRR,RRRRRRRRRRRRRRRRRRR,0.13,9.8861,64.0,41.82,9.3653,0.4312
siAGT-3m,AGCAAUGACCGCAUCAGGAdTdT,UCCUGAUGCGGUCAUUGCUdTdT,AGCAAUGACCGCAUCAGGAdTdT,UCCUGAUGCGGUCAUUGCUdTdT,MMMMFMFFFMMMMMMMMMM,MFMMMFMMMMMMMFMFMMM,4.9,8.3098,74.1,41.82,9.3653,0.4312
siAGT-4,CAAAAAUUGGGUUUUAAAAdTdT,UUUUAAAACCCAAUUUUUGdTdT,CAAAAAUUGGGUUUUAAAAdTdT,UUUUAAAACCCAAUUUUUGdTdT,RRRRRRRRRRRRRRRRRRR,RRRRRRRRRRRRRRRRRRR,0.0004,12.3979,39.0,61.32,9.4814,0.3301
siAGT-4m,CAAAAAUUGGGUUUUAAAAdTdT,UUUUAAAACCCAAUUUUUGdTdT,CAAAAAUUGGGUUUUAAAAdTdT,UUUUAAAACCCAAUUUUUGdTdT,MMMMFMFFFMMMMMMMMMM,MFMMMFMMMMMMMFMFMMM,0.022,10.6576,47.2,61.32,9.4814,0.3301
siAGT-5,GGGUGGGGAGGCAAGAACAdTdT,UGUUCUUGCCUCCCCACCCdTdT,GGGUGGGGAGGCAAGAACAdTdT,UGUUCUUGCCUCCCCACCCdTdT,RRRRRRRRRRRRRRRRRRR,RRRRRRRRRRRRRRRRRRR,0.01,11.0,73.5,42.48,9.2441,0.57
siAGT-5m,GGGUGGGGAGGCAAGAACAdTdT,UGUUCUUGCCUCCCCACCCdTdT,GGGUGGGGAGGCAAGAACAdTdT,UGUUCUUGCCUCCCCACCCdTdT,MMMMFMFFFMMMMMMMMMM,MFMMMFMMMMMMMFMFMMM,0.21,9.6778,83.8,42.48,9.2441,0.57
