sense,antisense,base_sense,base_antisense,efficacy,concentration_nM,time_h,target_gene,cell_type,patent_id
MMMMMXFMFFFMMMMMMMMMM,MFMMMM8MMMMMMFMFMMMMMMM,AACGGCUACGAAAAUCCAACU,AGUUGGAUUUUCGUAGCCGUUCU,16.9,10.0,24.0,APP,Primary Cynomolgus Monkey Hepatocytes,WO2020132227A2
MMMMMXFMFFFMMMMMMMMMM,MFMMMM8MMMMMMFMFMMMMMMM,AAAUCCAACCUACAAGUUCUU,AAGAACUUGUAGGUUGGAUUUUC,54.2,10.0,24.0,APP,Primary Cynomolgus Monkey Hepatocytes,WO2020132227A2
MMMMMXFMFFFMMMMMMMMMM,MFMMMM8MMMMMMFMFMMMMMMM,CAACACAGAAAACGAAGUUGA,UCAACUUCGUUUUCUGUGUUGGC,62.6,10.0,24.0,APP,Primary Cynomolgus Monkey Hepatocytes,WO2020132227A2
MMMMMXFMFFFMMMMMMMMMM,MFMMMM8MMMMMMFMFMMMMMMM,UAGUGCAUGAAUAGAUUCUCA,UGAGAAUCUAUUCAUGCACUAGU,72.19,,,APP,Transgenic mice,WO2020132227A2
MMMMMXFMFFFMMMMMMMMMM,MFMMMM8MMMMMMFMFMMMMMMM,CCCAUCGGUGUCCAUUUAUAU,AUAUAAAUGGACACCGAUGGGUA,64.2,10.0,24.0,APP,Primary Cynomolgus Monkey Hepatocytes,WO2020132227A2
MMMMMXFMFFFMMMMMMMMMM,MFMMMFMFFMMMMFMFMMMMMMM,CUUACCGUUGCCUAGUUGGUA,UACCAACUAGGCAACGGUAAGGA,38.1,0.1,24.0,APP,Primary mouse hepatocytes,WO2020132227A2
MMMMMXFMFFFMMMMMMMMMM,MFMMMM8MMMMMMFMFMMMMMMM,UCCUUUCCUGAUCACUAUGCA,UGCAUAGUGAUCAGGAAAGGAAU,1.2,0.1,24.0,APP,Primary Cynomolgus Monkey Hepatocytes,WO2020132227A2
MMMMMXFMFFFMMMMMMMMMM,MFMMMM8MMMMMMFMFMMMMMMM,AAACUAUUCAGAUGACGUCUU,AAGACGUCAUCUGAAUAGUUUUG,56.2,10.0,24.0,APP,Primary Cynomolgus Monkey Hepatocytes,WO2020132227A2
MMMMMXFMFFFMMMMMMMMMM,MFMMMM8MMMMMMFMFMMMMMMM,AGAAUCCCUGUUCAUUGUAAU,AUUACAAUGAACAGGGAUUCUUU,66.7,10.0,24.0,APP,Primary Cynomolgus Monkey Hepatocytes,WO2020132227A2
MMMMMXFMFFFMMMMMMMMMM,MFMMMM8MMMMMMFMFMMMMMMM,GUUUUAUGUGCACACAUUAGU,ACUAAUGUGUGCACAUAAAACAG,16.4,0.1,24.0,APP,Primary Cynomolgus Monkey Hepatocytes,WO2020132227A2
MMMMMXFMFFFMMMMMMMMMM,MFMMMM8MMMMMMFMFMMMMMMM,GAUUUACUCAUUAUCGCCUUU,AAAGGCGAUAAUGAGUAAAUCAU,55.2,10.0,24.0,APP,Primary Cynomolgus Monkey Hepatocytes,WO2020132227A2
MMMMMXFMFFFMMMMMMMMMM,MFMMMM8MMMMMMFMFMMMMMMM,AUCGGUGUCCAUUUAUAGAAU,AUUCUAUAAAUGGACACCGAUGG,67.2,10.0,24.0,APP,Primary Cynomolgus Monkey Hepatocytes,WO2020132227A2
MMMMMXFMFFFMMMMMMMMMM,MFMMMFMFFMMMMFMFMMMMMMM,GUGUGUCCCAUUCUUUUACGA,UCGUAAAAGAAUGGGACACACUU,58.84,10.0,24.0,APP,Neuro2A cell line,WO2020132227A2
MMMMMXFMFFFMMMMMMMMMM,MFMMMM8MMMMMMFMFMMMMMMM,CUCAUUAUCGCCUUUUGACAU,AUGUCAAAAGGCGAUAAUGAGUA,75.7,10.0,24.0,APP,Primary Cynomolgus Monkey Hepatocytes,WO2020132227A2
MMMMMXFMFFFMMMMMMMMMM,MFMMMFMFFMMMMFMFMMMMMMM,GAAGAGCACUAACUUGCACGA,UCGUGCAAGUUAGUGCUCUUCUC,95.3,10.0,24.0,APP,Primary mouse hepatocytes,WO2020132227A2
MMMMMXFMFFFMMMMMMMMMM,MFMMMFMFFMMMMFMFMMMMMMM,GUGGUAAACUCAACAUGCACA,UGUGCAUGUUGAGUUUACCACAG,84.3,10.0,24.0,APP,Primary mouse hepatocytes,WO2020132227A2
MMMMMXFMFFFMMMMMMMMMM,MFMMMM8MMMMMMFMFMMMMMMM,UAUGCUGAAGAAGUACGUCCA,UGGACGUACUUCUUCAGCAUAUU,51.26,10.0,24.0,APP,Be(2)C cell line,WO2020132227A2
MMMMMXFMFFFMMMMMMMMMM,MFMMMFMFFMMMMFMFMMMMMMM,CCGCUGGUACUUUGAUGUCAA,UUGACAUCAAAGUACCAGCGGGA,97.9,10.0,24.0,APP,Primary mouse hepatocytes,WO2020132227A2
MMMMMXFMFFFMMMMMMMMMM,MFMMMM8MMMMMMFMFMMMMMMM,UUAUGUGCACACAUUAGGCAA,UUGCCUAAUGUGUGCACAUAAAA,69.07,10.0,24.0,APP,Be(2)C cell line,WO2020132227A2
MMMMMXFMFFFMMMMMMMMMM,MFMMMM8MMMMMMFMFMMMMMMM,AUGAUUUACUCAUUAUCGCCU,AGGCGAUAAUGAGUAAAUCAUAA,40.4,10.0,24.0,APP,Primary Cynomolgus Monkey Hepatocytes,WO2020132227A2
MMMMMXFMFFFMMMMMMMMMM,MFMMMM8MMMMMMFMFMMMMMMM,GCGCCAUGUCCCAAAGUUUAU,AUAAACUUUGGGACAUGGCGCUG,8.0,10.0,24.0,APP,Primary Cynomolgus Monkey Hepatocytes,WO2020132227A2
MMMMMXFMFFFMMMMMMMMMM,MFMMMM8MMMMMMFMFMMMMMMM,UGCCUGAACUUGAAUUAAUCU,AGAUUAAUUCAAGUUCAGGCAUC,78.3,10.0,24.0,APP,Primary Cynomolgus Monkey Hepatocytes,WO2020132227A2
MMMMMXFMFFFMMMMMMMMMM,MFMMMM8MMMMMMFMFMMMMMMM,UUCAGAUGACGUCUUGGCCAA,UUGGCCAAGACGUCAUCUGAAUA,46.1,10.0,24.0,APP,Primary Cynomolgus Monkey Hepatocytes,WO2020132227A2
MMMMMXFMFFFMMMMMMMMMM,MFMMMM8MMMMMMFMFMMMMMMM,UUGUGCCUGUUUUAUGUGCAA,UUGCACAUAAAACAGGCACAAAG,71.35,10.0,24.0,APP,Be(2)C cell line,WO2020132227A2
MMMMMXFMFFFMMMMMMMMMM,MFMMMM8MMMMMMFMFMMMMMMM,UUAUGAUUUACUCAUUAUCGU,ACGAUAAUGAGUAAAUCAUAAAA,36.4,10.0,24.0,APP,Primary Cynomolgus Monkey Hepatocytes,WO2020132227A2
MMMMMMFMFFFMMMMMMMMMM,MFMMMFMFFMMMMFMFMMMMMMM,AUGCCUGAACUUGAAUUAAUU,AAUUAAUUCAAGUUCAGGCAUCU,42.33,,,APP,Transgenic mice,WO2020132227A2
MMMMMXFMFFFMMMMMMMMMM,MFMMMFMFFMMMMFMFMMMMMMM,CAUGCUGAAGAAGUACGUCCA,UGGACGUACUUCUUCAGCAUGUU,89.1,10.0,24.0,APP,Primary mouse hepatocytes,WO2020132227A2
MMMMMXFMFFFMMMMMMMMMM,MFMMMM8MMMMMMFMFMMMMMMM,UCAUUGUAAGCACUUUUACGU,ACGUAAAAGUGCUUACAAUGAAC,15.5,10.0,24.0,APP,Primary Cynomolgus Monkey Hepatocytes,WO2020132227A2
MMMMMXFMFFFMMMMMMMMMM,MFMMMM8MMMMMMFMFMMMMMMM,GCCAUCUUUGACCGAAACGAA,UUCGUUUCGGUCAAAGAUGGCAU,32.0,10.0,24.0,APP,Primary Cynomolgus Monkey Hepatocytes,WO2020132227A2
MMMMMXFMFFFMMMMMMMMMM,MFMMMM8MMMMMMFMFMMMMMMM,GCAAAACCAUUGCUUCACUAU,AUAGUGAAGCAAUGGUUUUGCUG,32.8,0.1,24.0,APP,Be(2)C cell line,WO2020132227A2
MMMMMXFMFFFMMMMMMMMMM,MFMMMM8MMMMMMFMFMMMMMMM,UUUCCUGAUCACUAUGCAUUA,UAAUGCAUAGUGAUCAGGAAAGG,69.25,10.0,24.0,APP,Be(2)C cell line,WO2020132227A2
MMMMMXFMFFFMMMMMMMMMM,MFMMMFMFFMMMMFMFMMMMMMM,AAACCAUUGCUUCACUACCCA,UGGGUAGUGAAGCAAUGGUUUUG,64.16,10.0,24.0,APP,Be(2)C cell line,WO2020132227A2
MMMMMXFMFFFMMMMMMMMMM,MFMMMFMFFMMMMFMFMMMMMMM,GUACUGCCAAGAGGUCUACCA,UGGUAGACCUCUUGGCAGUACUG,47.1,10.0,24.0,APP,Primary mouse hepatocytes,WO2020132227A2
MMMMMXFMFFFMMMMMMMMMM,MFMMMM8MMMMMMFMFMMMMMMM,ACACAAGUAGAUGCCUGAACU,AGUUCAGGCAUCUACUUGUGUUA,79.5,10.0,24.0,APP,Primary Cynomolgus Monkey Hepatocytes,WO2020132227A2
MMMMMXFMFFFMMMMMMMMMM,MFMMMM8MMMMMMFMFMMMMMMM,GAACCAAGGAUCAGUUACGGA,UCCGUAACUGAUCCUUGGUUCAC,8.4,10.0,24.0,APP,Primary Cynomolgus Monkey Hepatocytes,WO2020132227A2
MMMMMXFMFFFMMMMMMMMMM,MFMMMM8MMMMMMFMFMMMMMMM,GAUGCAGAAUUCCGACAUGAU,AUCAUGUCGGAAUUCUGCAUCCA,9.9,10.0,24.0,APP,Primary Cynomolgus Monkey Hepatocytes,WO2020132227A2
MMMMMXFMFFFMMMMMMMMMM,MFMMMM8MMMMMMFMFMMMMMMM,UUUACUCAUUAUCGCCUUUUG,CAAAAGGCGAUAAUGAGUAAAUC,74.8,10.0,24.0,APP,Primary Cynomolgus Monkey Hepatocytes,WO2020132227A2
MMMMMXFMFFFMMMMMMMMMM,MFMMMM8MMMMMMFMFMMMMMMM,AAACCAUUGCUUCACUACCCA,UGGGUAGUGAAGCAAUGGUUUUG,81.3,10.0,24.0,APP,Primary Cynomolgus Monkey Hepatocytes,WO2020132227A2
MMMMMXFMFFFMMMMMMMMMM,MFMMMM8MMMMMMFMFMMMMMMM,GUUUGUGACCCAAUUAAGUCU,AGACUUAAUUGGGUCACAAACCA,50.6,10.0,24.0,APP,Primary Cynomolgus Monkey Hepatocytes,WO2020132227A2
MMMMMXFMFFFMMMMMMMMMM,MFMMMFMFFMMMMFMFMMMMMMM,AUGCUGAAGAAGUACGUCCGA,UCGGACGUACUUCUUCAGCAUAU,91.59,10.0,24.0,APP,Neuro2A cell line,WO2020132227A2
MMMMMXFMFFFMMMMMMMMMM,MFMMMM8MMMMMMFMFMMMMMMM,UGUAUUCUAUCUCUCUUUACA,UGUAAAGAGAGAUAGAAUACAUU,17.4,10.0,24.0,APP,Primary Cynomolgus Monkey Hepatocytes,WO2020132227A2
MMMMMXFMFFFMMMMMMMMMM,MFMMMM8MMMMMMFMFMMMMMMM,GUGUACUGUAAAGAAUUUAGU,ACUAAAUUCUUUACAGUACACAA,4.8,10.0,24.0,APP,Primary Cynomolgus Monkey Hepatocytes,WO2020132227A2
MMMMMXFMFFFMMMMMMMMMM,MFMMMM8MMMMMMFMFMMMMMMM,UUUGUGACCCAAUUAAGUCCU,AGGACUUAAUUGGGUCACAAACC,45.6,10.0,24.0,APP,Primary Cynomolgus Monkey Hepatocytes,WO2020132227A2
MMMMMXFMFFFMMMMMMMMMM,MFMMMM8MMMMMMFMFMMMMMMM,AUGGGUUUUGUGUACUGUAAA,UUUACAGUACACAAAACCCAUUA,71.4,10.0,24.0,APP,Primary Cynomolgus Monkey Hepatocytes,WO2020132227A2
MMMMMXFMFFFMMMMMMMMMM,MFMMMM8MMMMMMFMFMMMMMMM,AUGCUGAAGAAGUACGUCCGA,UCGGACGUACUUCUUCAGCAUAU,39.59,10.0,24.0,APP,Be(2)C cell line,WO2020132227A2
MMMMMXFMFFFMMMMMMMMMM,MFMMMM8MMMMMMFMFMMMMMMM,UGAUUUACUCAUUAUCGCCUU,AAGGCGAUAAUGAGUAAAUCAUA,92.3,10.0,24.0,APP,Be(2)C cell line,WO2020132227A2
MMMMMXFMFFFMMMMMMMMMM,MFMMMFMFFMMMMFMFMMMMMMM,GUGUCAACCCAAAGUUUACUA,UAGUAAACUUUGGGUUGACACGC,63.8,10.0,24.0,APP,Primary mouse hepatocytes,WO2020132227A2
MMMMMMXMFFFMMMMMMMMMM,MDMMMFMMMMMMMFMFMMMMMMM,UUUAUGAUUUACUCAUUAUCA,UGAUAAUGAGUAAAUCAUAAAUG,61.18,,,APP,Transgenic mice,WO2020132227A2
MMMMMXFMFFFMMMMMMMMMM,MFMMMM8MMMMMMFMFMMMMMMM,CUGUGCUGUAACACAAGUAGA,UCUACUUGUGUUACAGCACAGCU,84.21,10.0,24.0,APP,Be(2)C cell line,WO2020132227A2
MMMMMXFMFFFMMMMMMMMMM,MFMMMM8MMMMMMFMFMMMMMMM,CCCAAUUAAGUCCUACUUUAU,AUAAAGUAGGACUUAAUUGGGUC,92.7,10.0,24.0,APP,Be(2)C cell line,WO2020132227A2
MMMMMMXMFFFMMMMMMMMMM,MFMMMFMMMMMMMFMFMMMMMMM,AAAGAGCAAAACUAUUCAGAA,UUCUGAAUAGUUUUGCUCUUUCU,80.65,,,APP,Transgenic mice,WO2020132227A2
MMMMMXFMFFFMMMMMMMMMM,MFMMMFMFFMMMMFMFMMMMMMM,CGUGUGAUCUACGAGCGCAUA,UAUGCGCUCGUAGAUCACACGGA,85.7,10.0,24.0,APP,Primary mouse hepatocytes,WO2020132227A2
MMMMMXFMFFFMMMMMMMMMM,MFMMMM8MMMMMMFMFMMMMMMM,UUGUAUAUUAUUCUUGUGGUU,AACCACAAGAAUAAUAUACAACU,2.9,10.0,24.0,APP,Primary Cynomolgus Monkey Hepatocytes,WO2020132227A2
MMMMMXFMFFFMMMMMMMMMM,MFMMMFMFFMMMMFMFMMMMMMM,UGCUGAAGAAGUACGUCCGUA,UACGGACGUACUUCUUCAGCAUG,77.4,10.0,24.0,APP,Primary mouse hepatocytes,WO2020132227A2
MMMMMXFMFFFMMMMMMMMMM,MFMMMFMFFMMMMFMFMMMMMMM,AACAUGCUGAAGAAGUACGUA,UACGUACUUCUUCAGCAUGUUGA,18.8,0.1,24.0,APP,Primary mouse hepatocytes,WO2020132227A2
MMMMMXFMFFFMMMMMMMMMM,MFMMMFMFFMMMMFMFMMMMMMM,GAGCAGAACUACUCCGACGAA,UUCGUCGGAGUAGUUCUGCUCCU,64.6,10.0,24.0,APP,Primary mouse hepatocytes,WO2020132227A2
MMMMMXFMFFFMMMMMMMMMM,MFMMMM8MMMMMMFMFMMMMMMM,AUUUACUCAUUAUCGCCUUUU,AAAAGGCGAUAAUGAGUAAAUCA,27.0,10.0,24.0,APP,Primary Cynomolgus Monkey Hepatocytes,WO2020132227A2
MMMMMXFMFFFMMMMMMMMMM,MFMMMM8MMMMMMFMFMMMMMMM,UCAAACUAGUGCAUGAAUAGA,UCUAUUCAUGCACUAGUUUGAUA,16.47,1.0,24.0,APP,Be(2)C cell line,WO2020132227A2
MMMMMXFMFFFMMMMMMMMMM,MFMMMM8MMMMMMFMFMMMMMMM,ACAGCUGUGCUGUAACACAAA,UUUGUGUUACAGCACAGCUGUCA,71.95,10.0,24.0,APP,Be(2)C cell line,WO2020132227A2
MMMMMXFMFFFMMMMMMMMMM,MFMMMFMFFMMMMFMFMMMMMMM,CACUAACUUGCACGACUAUGA,UCAUAGUCGUGCAAGUUAGUGCU,98.0,10.0,24.0,APP,Primary mouse hepatocytes,WO2020132227A2
MMMMMXFMFFFMMMMMMMMMM,MFMMMM8MMMMMMFMFMMMMMMM,CUUUGGGUCUUUGAUAAAGAA,UUCUUUAUCAAAGACCCAAAGAU,72.0,10.0,24.0,APP,Primary Cynomolgus Monkey Hepatocytes,WO2020132227A2
MMMMMXFMFFFMMMMMMMMMM,MFMMMFMFFMMMMFMFMMMMMMM,AAGAUCCUGAUAAACUUCCCA,UGGGAAGUUUAUCAGGAUCUUGG,83.7,10.0,24.0,APP,Primary mouse hepatocytes,WO2020132227A2
MMMMMXFMFFFMMMMMMMMMM,MFMMMFMMMMMMMFMFMMMMMMM,UUUAUGAUUUACUCAUUAUCA,UGAUAAUGAGUAAAUCAUAAAAC,75.84,,,APP,Transgenic mice,WO2020132227A2
MMMMMXFMFFFMMMMMMMMMM,MFMMMM8MMMMMMFMFMMMMMMM,GCUUCACUACCCAUCGGUGUA,UACACCGAUGGGUAGUGAAGCAA,51.05,10.0,24.0,APP,Be(2)C cell line,WO2020132227A2
MMMMMXFMFFFMMMMMMMMMM,MFMMMM8MMMMMMFMFMMMMMMM,CUUUCUACACUGUAUUACAUA,UAUGUAAUACAGUGUAGAAAGCG,59.0,10.0,24.0,APP,Primary Cynomolgus Monkey Hepatocytes,WO2020132227A2
MMMMMXFMFFFMMMMMMMMMM,MFMMMM8MMMMMMFMFMMMMMMM,CUUCAAUUACCAAGAAUUCUU,AAGAAUUCUUGGUAAUUGAAGAC,17.8,10.0,24.0,APP,Primary Cynomolgus Monkey Hepatocytes,WO2020132227A2
MMMMMXFMFFFMMMMMMMMMM,MFMMMM8MMMMMMFMFMMMMMMM,AUUGUACAGAAUCAUUGCUUA,UAAGCAAUGAUUCUGUACAAUCA,69.26,10.0,24.0,APP,Be(2)C cell line,WO2020132227A2
MMMMMXFMFFFMMMMMMMMMM,MFMMMM8MMMMMMFMFMMMMMMM,UCCUGAUUAUUUAUCACAUAU,AUAUGUGAUAAAUAAUCAGGAGA,59.7,10.0,24.0,APP,Primary Cynomolgus Monkey Hepatocytes,WO2020132227A2
MMMMMXFMFFFMMMMMMMMMM,MFMMMFMFFMMMMFMFMMMMMMM,GGAGCAGAACUACUCCGACGA,UCGUCGGAGUAGUUCUGCUCCUU,14.8,10.0,24.0,APP,Primary mouse hepatocytes,WO2020132227A2
MMMMMXFMFFFMMMMMMMMMM,MFMMMM8MMMMMMFMFMMMMMMM,CAGGAUGAUUGUACAGAAUCA,UGAUUCUGUACAAUCAUCCUGCA,88.6,10.0,24.0,APP,Be(2)C cell line,WO2020132227A2
MMMMMXFMFFFMMMMMMMMMM,MFMMMM8MMMMMMFMFMMMMMMM,AUUAGUGAACCAAGGAUCAGU,ACUGAUCCUUGGUUCACUAAUCA,12.8,10.0,24.0,APP,Primary Cynomolgus Monkey Hepatocytes,WO2020132227A2
MMMMMXFMFFFMMMMMMMMMM,MFMMMFMFFMMMMFMFMMMMMMM,GCUGAAGAAGUACGUCCGUGA,UCACGGACGUACUUCUUCAGCAU,89.8,10.0,24.0,APP,Primary mouse hepatocytes,WO2020132227A2
MMMMMXFMFFFMMMMMMMMMM,MFMMMFMFFMMMMFMFMMMMMMM,UUGUACAGAAUCAUUGCUUAA,UUAAGCAAUGAUUCUGUACAAUC,91.78,10.0,24.0,APP,Be(2)C cell line,WO2020132227A2
MMMMMXFMFFFMMMMMMMMMM,MFMMMM8MMMMMMFMFMMMMMMM,AACCAAGGAUCAGUUACGGAA,UUCCGUAACUGAUCCUUGGUUCA,2.0,10.0,24.0,APP,Primary Cynomolgus Monkey Hepatocytes,WO2020132227A2
MMMMMXFMFFFMMMMMMMMMM,MFMMMFMFFMMMMFMFMMMMMMM,UUACUGUACAGAUUGCUGCUA,UAGCAGCAAUCUGUACAGUAAAA,86.49,10.0,24.0,APP,Be(2)C cell line,WO2020132227A2
MMMMMXFMFFFMMMMMMMMMM,MFMMMM8MMMMMMFMFMMMMMMM,UUCCUGAUCACUAUGCAUUUA,UAAAUGCAUAGUGAUCAGGAAAG,46.81,10.0,24.0,APP,Be(2)C cell line,WO2020132227A2
MMMMMXFMFFFMMMMMMMMMM,MFMMMM8MMMMMMFMFMMMMMMM,ACGGCUACGAAAAUCCAACCU,AGGUUGGAUUUUCGUAGCCGUUC,18.0,10.0,24.0,APP,Primary Cynomolgus Monkey Hepatocytes,WO2020132227A2
MMMMMXFMFFFMMMMMMMMMM,MFMMMFMFFMMMMFMFMMMMMMM,CCACAUCGUGAUUCCUUACCA,UGGUAAGGAAUCACGAUGUGGGU,91.7,10.0,24.0,APP,Primary mouse hepatocytes,WO2020132227A2
MMMMMXFMFFFMMMMMMMMMM,MFMMMM8MMMMMMFMFMMMMMMM,CUUGCCUAAGUAUUCCUUUCU,AGAAAGGAAUACUUAGGCAAGAG,65.4,10.0,24.0,APP,Primary Cynomolgus Monkey Hepatocytes,WO2020132227A2
MMMMMXMMDMDMMMMMMMMMM,MFMMMM8MMMMDMFMMMMMMMMM,GGCUACGAAAAUCCAACCUAA,UUAGGUUGGAUUUUCGUAGCCGU,66.66,,,APP,Transgenic mice,WO2020132227A2
MMMMMMFMFFFMMMMMXMMMM,MFMMMFMFFMMMMFMFMMMMMMM,AAAGAGCAAAACUAUUCAGAA,UUCUGAAUAGUUUUGCUCUUUCU,72.83,,,APP,Transgenic mice,WO2020132227A2
MMMMMXFMFFFMMMMMMMMMM,MFMMMM8MMMMMMFMFMMMMMMM,GCUUUCUACACUGUAUUACAA,UUGUAAUACAGUGUAGAAAGCGA,75.53,10.0,24.0,APP,Be(2)C cell line,WO2020132227A2
MMMMMXFMFFFMMMMMMMMMM,MFMMMM8MMMMMMFMFMMMMMMM,AAUGGGUUUUGUGUACUGUAA,UUACAGUACACAAAACCCAUUAA,71.66,10.0,24.0,APP,Be(2)C cell line,WO2020132227A2
MMMMMXFMFFFMMMMMMMMMM,MFMMMM8MMMMMMFMFMMMMMMM,UACGGAAACGAUGCUCUCAUU,AAUGAGAGCAUCGUUUCCGUAAC,51.5,10.0,24.0,APP,Primary Cynomolgus Monkey Hepatocytes,WO2020132227A2
MMMMMXFMFFFMMMMMMMMMM,MFMMMM8MMMMMMFMFMMMMMMM,UGCUAUAUUUGUGAUAUAGGA,UCCUAUAUCACAAAUAUAGCAGA,56.8,10.0,24.0,APP,Be(2)C cell line,WO2020132227A2
MMMMMXFMFFFMMMMMMMMMM,MFMMMM8MMMMMMFMFMMMMMMM,UUUAAGAUGUGUCUUCAAUUU,AAAUUGAAGACACAUCUUAAAAG,31.1,10.0,24.0,APP,Primary Cynomolgus Monkey Hepatocytes,WO2020132227A2
MMMMMXFMFFFMMMMMMMMMM,MFMMMFMFFMMMMFMFMMMMMMM,GACUACCAGUGAACCUCUUCA,UGAAGAGGUUCACUGGUAGUCUU,81.2,10.0,24.0,APP,Primary mouse hepatocytes,WO2020132227A2
MMMMMXFMFFFMMMMMMMMMM,MFMMMM8MMMMMMFMFMMMMMMM,GUUCAUCAUCAAAAAUUGGUU,AACCAAUUUUUGAUGAUGAACUU,39.0,10.0,24.0,APP,Primary Cynomolgus Monkey Hepatocytes,WO2020132227A2
MMMMMMFMFFFMMMXMMMMMM,MDMMMFMMMMMMMFMFMMMMMMM,UUUAUGAUUUACUCAUUAUCA,UGAUAAUGAGUAAAUCAUAAAUG,67.13,,,APP,Transgenic mice,WO2020132227A2
MMMMMXFMFFFMMMMMMMMMM,MFMMMFMFFMMMMFMFMMMMMMM,GAAGGAGCAGAACUACUCCGA,UCGGAGUAGUUCUGCUCCUUCUG,37.1,10.0,24.0,APP,Primary mouse hepatocytes,WO2020132227A2
MMMMMXFMFFFMMMMMMMMMM,MFMMMFMFFMMMMFMFMMMMMMM,GCAGAACGGAUAUGAGAAUCA,UGAUUCUCAUAUCCGUUCUGCUG,97.6,10.0,24.0,APP,Primary mouse hepatocytes,WO2020132227A2
MMMMMXFMFFFMMMMMMMMMM,MFMMMFMFFMMMMFMFMMMMMMM,UCAAACUAGUGCAUGAAUAGA,UCUAUUCAUGCACUAGUUUGAUA,71.3,10.0,24.0,APP,Be(2)C cell line,WO2020132227A2
MMMMMXFMFFFMMMMMMMMMM,MFMMMM8MMMMMMFMFMMMMMMM,GUUACGGAAACGAUGCUCUCA,UGAGAGCAUCGUUUCCGUAACUG,14.7,0.1,24.0,APP,Primary Cynomolgus Monkey Hepatocytes,WO2020132227A2
MMMMMXFMFFFMMMMMMMMMM,MFMMMM8MMMMMMFMFMMMMMMM,UCCUACUUUACAUAUGCUUUA,UAAAGCAUAUGUAAAGUAGGACU,78.6,10.0,24.0,APP,Primary Cynomolgus Monkey Hepatocytes,WO2020132227A2
MMMMMXFMFFFMMMMMMMMMM,MFMMMFMFFMMMMFMFMMMMMMM,UCCUGAUAAACUUCCCACGAA,UUCGUGGGAAGUUUAUCAGGAUC,64.4,10.0,24.0,APP,Primary mouse hepatocytes,WO2020132227A2
MMMMMXFMFFFMMMMMMMMMM,MFMMMM8MMMMMMFMFMMMMMMM,GGAUCAGUUACGGAAACGAUU,AAUCGUUUCCGUAACUGAUCCUU,11.0,10.0,24.0,APP,Primary Cynomolgus Monkey Hepatocytes,WO2020132227A2
MMMMMXFMFFFMMMMMMMMMM,MFMMMFMFFMMMMFMFMMMMMMM,CACCGAGAGAGAAUGUCCCAA,UUGGGACAUUCUCUCUCGGUGCU,88.5,10.0,24.0,APP,Primary mouse hepatocytes,WO2020132227A2
MMMMMXFMFFFMMMMMMMMMM,MFMMMM8MMMMMMFMFMMMMMMM,UCAAAAAUUGGUGUUCUUUGU,ACAAAGAACACCAAUUUUUGAUG,51.9,10.0,24.0,APP,Primary Cynomolgus Monkey Hepatocytes,WO2020132227A2
MMMMMXFMFFFMMMMMMMMMM,MFMMMM8MMMMMMFMFMMMMMMM,CUUUCCUGAUCACUAUGCAUU,AAUGCAUAGUGAUCAGGAAAGGA,57.2,10.0,24.0,APP,Primary Cynomolgus Monkey Hepatocytes,WO2020132227A2
MMMMMMXMDMDMMMMMMMMMM,MFMMMDMMMMMDMFMDMMMMMMM,AAAGAGCAAAACUAUUCAGAA,UUCUGAAUAGUUUUGCUCUUUCU,65.44,,,APP,Transgenic mice,WO2020132227A2
MMMMMXFMFFFMMMMMMMMMM,MFMMMM8MMMMMMFMFMMMMMMM,UUCCUGAUCACUAUGCAUUUU,AAAAUGCAUAGUGAUCAGGAAAG,63.4,10.0,24.0,APP,Primary Cynomolgus Monkey Hepatocytes,WO2020132227A2
MMMMMXFMFFFMMMMMMMMMM,MFMMMFMFFMMMMFMFMMMMMMM,CUGCAGGAUGAUUGUACAGAA,UUCUGUACAAUCAUCCUGCAGAA,71.92,10.0,24.0,APP,Be(2)C cell line,WO2020132227A2
MMMMMXFMFFFMMMMMMMMMM,MFMMMM8MMMMMMFMFMMMMMMM,GGCUACGAAAAUCCAACCUAU,AUAGGUUGGAUUUUCGUAGCCGU,81.2,10.0,24.0,APP,Primary Cynomolgus Monkey Hepatocytes,WO2020132227A2
MMMMMXFMFFFMMMMMMMMMM,MFMMMFMFFMMMMFMFMMMMMMM,GCUUUCUACACUGUAUUACAA,UUGUAAUACAGUGUAGAAAGCGA,91.22,10.0,24.0,APP,Be(2)C cell line,WO2020132227A2
MMMMMXFMFFFMMMMMMMMMM,MFMMMM8MMMMMMFMFMMMMMMM,CUUUAACCAGUCUGAAGUUUC,GAAACUUCAGACUGGUUAAAGAA,28.3,10.0,24.0,APP,Primary Cynomolgus Monkey Hepatocytes,WO2020132227A2
MMMMMXFMFFFMMMMMMMMMM,MFMMMM8MMMMMMFMFMMMMMMM,CAGUUACGGAAACGAUGCUCU,AGAGCAUCGUUUCCGUAACUGAU,19.0,10.0,24.0,APP,Primary Cynomolgus Monkey Hepatocytes,WO2020132227A2
MMMMMXFMFFFMMMMMMMMMM,MFMMMM8MMMMMMFMFMMMMMMM,UGAACCAAGGAUCAGUUACGU,ACGUAACUGAUCCUUGGUUCACU,19.3,10.0,24.0,APP,Primary Cynomolgus Monkey Hepatocytes,WO2020132227A2
MMMMMXFMFFFMMMMMMMMMM,MFMMMM8MMMMMMFMFMMMMMMM,CCAACCUACAAGUUCUUUGAU,AUCAAAGAACUUGUAGGUUGGAU,69.4,10.0,24.0,APP,Primary Cynomolgus Monkey Hepatocytes,WO2020132227A2
MMMMMXMMFFFMMMMMMMMMM,MFMMMM8MMMMMMFMDMMMMMMM,GGCUACGAAAAUCCAACCUAA,UUAGGUUGGAUUUUCGUAGCCGU,73.32,,,APP,Transgenic mice,WO2020132227A2
MMMMMXFMFFFMMMMMMMMMM,MFMMMM8MMMMMMFMFMMMMMMM,UUGACAGCUGUGCUGUAACAU,AUGUUACAGCACAGCUGUCAAAA,32.5,10.0,24.0,APP,Primary Cynomolgus Monkey Hepatocytes,WO2020132227A2
MMMMMXFMFFFMMMMMMMMMM,MFMMMM8MMMMMMFMFMMMMMMM,CCAUCUUUGACCGAAACGAAA,UUUCGUUUCGGUCAAAGAUGGCA,31.0,10.0,24.0,APP,Primary Cynomolgus Monkey Hepatocytes,WO2020132227A2
MMMMMXFMFFFMMMMMMMMMM,MFMMMM8MMMMMMFMFMMMMMMM,AUCGCCUUUUGACAGCUGUGU,ACACAGCUGUCAAAAGGCGAUAA,28.0,10.0,24.0,APP,Primary Cynomolgus Monkey Hepatocytes,WO2020132227A2
MMMMMXFMFFFMMMMMMMMMM,MFMMMFMFFMMMMFMFMMMMMMM,CGCAUGAACCAGUCUCUGUCA,UGACAGAGACUGGUUCAUGCGCU,97.3,10.0,24.0,APP,Primary mouse hepatocytes,WO2020132227A2
MMMMMXFMFFFMMMMMMMMMM,MFMMMM8MMMMMMFMFMMMMMMM,UAAGUCCUACUUUACAUAUGU,ACAUAUGUAAAGUAGGACUUAAU,68.6,10.0,24.0,APP,Primary Cynomolgus Monkey Hepatocytes,WO2020132227A2
MMMMMXFMFFFMMMMMMMMMM,MFMMMM8MMMMMMFMFMMMMMMM,AUCGCUUUCUACACUGUAUUA,UAAUACAGUGUAGAAAGCGAUCA,20.7,10.0,24.0,APP,Primary Cynomolgus Monkey Hepatocytes,WO2020132227A2
MMMMMXMMDMDMMMMMMMMMM,MFMMMM8MMMMDMFMDMMMMMMM,GGCUACGAAAAUCCAACCUAA,UUAGGUUGGAUUUUCGUAGCCGU,72.52,,,APP,Transgenic mice,WO2020132227A2
MMMMMXFMFFFMMMMMMMMMM,MFMMMM8MMMMMMFMFMMMMMMM,CCUGAACUUGAAUUAAUCCAU,AUGGAUUAAUUCAAGUUCAGGCA,82.4,10.0,24.0,APP,Primary Cynomolgus Monkey Hepatocytes,WO2020132227A2
MMMMMXFMFFFMMMMMMMMMM,MFMMMM8MMMMMMFMFMMMMMMM,UAUGCUUUAAGAAUCGAUGGU,ACCAUCGAUUCUUAAAGCAUAUG,2.6,0.1,24.0,APP,Be(2)C cell line,WO2020132227A2
MMMMMXFMFFFMMMMMMMMMM,MFMMMM8MMMMMMFMFMMMMMMM,UAUGACAUGAUCGCUUUCUAU,AUAGAAAGCGAUCAUGUCAUAAG,40.3,10.0,24.0,APP,Primary Cynomolgus Monkey Hepatocytes,WO2020132227A2
MMMMMXFMFFFMMMMMMMMMM,MFMMMM8MMMMMMFMFMMMMMMM,GUUCAUUGUAAGCACUUUUAU,AUAAAAGUGCUUACAAUGAACAG,48.2,10.0,24.0,APP,Primary Cynomolgus Monkey Hepatocytes,WO2020132227A2
MMMMMMFMFFFMMMMMMMMMM,MFMMMFMFFMMMMFMFMMMMMMM,AAAGAGCAAAACUAUUCAGAU,AUCUGAAUAGUUUUGCUCUUUCU,63.53,,,APP,Transgenic mice,WO2020132227A2
MMMMMXFMFFFMMMMMMMMMM,MFMMMM8MMMMMMFMFMMMMMMM,GCAGGAUGAUUGUACAGAAUA,UAUUCUGUACAAUCAUCCUGCAG,84.85,10.0,24.0,APP,Be(2)C cell line,WO2020132227A2
MMMMMXFMFFFMMMMMMMMMM,MFMMMFMFFMMMMFMFMMMMMMM,UGAUUGUACAGAAUCAUUGCA,UGCAAUGAUUCUGUACAAUCAUC,69.31,10.0,24.0,APP,Be(2)C cell line,WO2020132227A2
MMMMMXFMFFFMMMMMMMMMM,MFMMMM8MMMMMMFMFMMMMMMM,AUCUCUCUUUACAUUUUGGUU,AACCAAAAUGUAAAGAGAGAUAG,31.6,10.0,24.0,APP,Primary Cynomolgus Monkey Hepatocytes,WO2020132227A2
MMMMMXFMFFFMMMMMMMMMM,MFMMMM8MMMMMMFMFMMMMMMM,UGGGUCUUUGAUAAAGAAAAU,AUUUUCUUUAUCAAAGACCCAAA,23.2,0.1,24.0,APP,Primary Cynomolgus Monkey Hepatocytes,WO2020132227A2
MMMMMXFMFFFMMMMMMMMMM,MFMMMFMFFMMMMFMFMMMMMMM,AUCCUGAUAAACUUCCCACGA,UCGUGGGAAGUUUAUCAGGAUCU,76.9,10.0,24.0,APP,Primary mouse hepatocytes,WO2020132227A2
MMMMMXFMFFFMMMMMMMMMM,MFMMMM8MMMMMMFMFMMMMMMM,CUGCUUCAGAAAGAGCAAAAU,AUUUUGCUCUUUCUGAAGCAGCU,83.6,10.0,24.0,APP,Primary Cynomolgus Monkey Hepatocytes,WO2020132227A2
MMMMMXFMFFFMMMMMMMMMM,MFMMMM8MMMMMMFMFMMMMMMM,UGUGUACUGUAAAGAAUUUAU,AUAAAUUCUUUACAGUACACAAA,36.6,10.0,24.0,APP,Primary Cynomolgus Monkey Hepatocytes,WO2020132227A2
MMMMMXFMFFFMMMMMMMMMM,MFMMMM8MMMMMMFMFMMMMMMM,AUCAAAAAUUGGUGUUCUUUG,CAAAGAACACCAAUUUUUGAUGA,3.8,10.0,24.0,APP,Primary Cynomolgus Monkey Hepatocytes,WO2020132227A2
MMMMMXFMFFFMMMMMMMMMM,MFMMMM8MMMMMMFMFMMMMMMM,UUAGUGAACCAAGGAUCAGUU,AACUGAUCCUUGGUUCACUAAUC,52.0,10.0,24.0,APP,Primary Cynomolgus Monkey Hepatocytes,WO2020132227A2
MMMMMXFMFFFMMMMMMMMMM,MFMMMM8MMMMMMFMFMMMMMMM,UAUCAAACUAGUGCAUGAAUA,UAUUCAUGCACUAGUUUGAUACA,71.12,1.0,24.0,APP,Be(2)C cell line,WO2020132227A2
MMMMMXFMFFFMMMMMMMMMM,MFMMMFMFFMMMMFMFMMMMMMM,AAGAGCACUAACUUGCACGAA,UUCGUGCAAGUUAGUGCUCUUCU,18.0,0.1,24.0,APP,Primary mouse hepatocytes,WO2020132227A2
MMMMMXFMFFFMMMMMMMMMM,MFMMMM8MMMMMMFMFMMMMMMM,GAUCCUGUUAAACUUCCUACA,UGUAGGAAGUUUAACAGGAUCUC,47.7,10.0,24.0,APP,Primary Cynomolgus Monkey Hepatocytes,WO2020132227A2
MMMMMXFMFFFMMMMMMMMMM,MFMMMFMFFMMMMFMFMMMMMMM,ACCAUUGCUUCACUACCCAUA,UAUGGGUAGUGAAGCAAUGGUUU,88.22,10.0,24.0,APP,Be(2)C cell line,WO2020132227A2
MMMMMXFMFFFMMMMMMMMMM,MFMMMM8MMMMMMFMFMMMMMMM,UACGAAAAUCCAACCUACAAU,AUUGUAGGUUGGAUUUUCGUAGC,81.8,10.0,24.0,APP,Primary Cynomolgus Monkey Hepatocytes,WO2020132227A2
MMMMMXFMFFFMMMMMMMMMM,MFMMMM8MMMMMMFMFMMMMMMM,UCUCUAUACUACAUUAUUAAU,AUUAAUAAUGUAGUAUAGAGACC,36.1,10.0,24.0,APP,Primary Cynomolgus Monkey Hepatocytes,WO2020132227A2
MMMMMXFMFFFMMMMMMMMMM,MFMMMFMFFMMMMFMFMMMMMMM,CCAAAGUUUACUCAAGACUAA,UUAGUCUUGAGUAAACUUUGGGU,80.1,10.0,24.0,APP,Primary mouse hepatocytes,WO2020132227A2
MMMMMXFMFFFMMMMMMMMMM,MFMMMFMFFMMMMFMFMMMMMMM,CAAACUAGUGCAUGAAUAGAA,UUCUAUUCAUGCACUAGUUUGAU,86.62,10.0,24.0,APP,Be(2)C cell line,WO2020132227A2
MMMMMXFMFFFMMMMMMMMMM,MFMMMM8MMMMMMFMFMMMMMMM,AUGCCAUCUUUGACCGAAACU,AGUUUCGGUCAAAGAUGGCAUGA,8.3,10.0,24.0,APP,Primary Cynomolgus Monkey Hepatocytes,WO2020132227A2
MMMMMXFMFFFMMMMMMMMMM,MFMMMM8MMMMMMFMFMMMMMMM,CACUAUGCAUUUUAAAGUUAA,UUAACUUUAAAAUGCAUAGUGAU,63.3,10.0,24.0,APP,Primary Cynomolgus Monkey Hepatocytes,WO2020132227A2
MMMMMXFMFFFMMMMMMMMMM,MFMMMM8MMMMMMFMFMMMMMMM,UCUUUAACCAGUCUGAAGUUU,AAACUUCAGACUGGUUAAAGAAA,15.0,10.0,24.0,APP,Primary Cynomolgus Monkey Hepatocytes,WO2020132227A2
MMMMMXFMFFFMMMMMMMMMM,MFMMMM8MMMMMMFMFMMMMMMM,CUCAUGCCAUCUUUGACCGAA,UUCGGUCAAAGAUGGCAUGAGAG,10.0,10.0,24.0,APP,Primary Cynomolgus Monkey Hepatocytes,WO2020132227A2
MMMMMXFMFFFMMMMMMMMMM,MFMMMM8MMMMMMFMFMMMMMMM,GAGCAAAACUAUUCAGAUGAU,AUCAUCUGAAUAGUUUUGCUCUU,53.9,10.0,24.0,APP,Primary Cynomolgus Monkey Hepatocytes,WO2020132227A2
MMMMMXFMFFFMMMMMMMMMM,MFMMMM8MMMMMMFMFMMMMMMM,UGAUUGUACAGAAUCAUUGCA,UGCAAUGAUUCUGUACAAUCAUC,83.82,10.0,24.0,APP,Be(2)C cell line,WO2020132227A2
MMMMMXFMFFFMMMMMMMMMM,MFMMMM8MMMMMMFMFMMMMMMM,GGUCUCUAUACUACAUUAUUA,UAAUAAUGUAGUAUAGAGACCAA,45.7,10.0,24.0,APP,Primary Cynomolgus Monkey Hepatocytes,WO2020132227A2
MMMMMXFMFFFMMMMMMMMMM,MFMMMFMFFMMMMFMFMMMMMMM,UCCCAGGUCAUGAGAGAAUGA,UCAUUCUCUCAUGACCUGGGACA,92.7,10.0,24.0,APP,Primary mouse hepatocytes,WO2020132227A2
MMMMMMFMFFFMMMMMMMMMM,MFMMMFMFFMMMMFMFMMMMMMM,UCUUGCCUAAGUAUUCCUUUU,AAAAGGAAUACUUAGGCAAGAGA,63.69,,,APP,Transgenic mice,WO2020132227A2
MMMMMXFMFFFMMMMMMMMMM,MFMMMM8MMMMMMFMFMMMMMMM,GUACUGUAAAGAAUUUAGCUU,AAGCUAAAUUCUUUACAGUACAC,25.2,10.0,24.0,APP,Primary Cynomolgus Monkey Hepatocytes,WO2020132227A2
MMMMMXFMFFFMMMMMMMMMM,MFMMMM8MMMMMMFMFMMMMMMM,UUUGUGUACUGUAAAGAAUUU,AAAUUCUUUACAGUACACAAAAC,82.0,10.0,24.0,APP,Primary Cynomolgus Monkey Hepatocytes,WO2020132227A2
MMMMMXFMFFFMMMMMMMMMM,MFMMMFMFFMMMMFMFMMMMMMM,GUGUCCCAUUCUUUUACGGCA,UGCCGUAAAAGAAUGGGACACAC,94.4,10.0,24.0,APP,Primary mouse hepatocytes,WO2020132227A2
MMMMMXFMFFFMMMMMMMMMM,MFMMMM8MMMMMMFMFMMMMMMM,UUUCCUGAUCACUAUGCAUUU,AAAUGCAUAGUGAUCAGGAAAGG,73.1,10.0,24.0,APP,Primary Cynomolgus Monkey Hepatocytes,WO2020132227A2
MMMMMXFMFFFMMMMMMMMMM,MFMMMM8MMMMMMFMFMMMMMMM,GUUGUAUAUUAUUCUUGUGGA,UCCACAAGAAUAAUAUACAACUG,81.31,10.0,24.0,APP,Be(2)C cell line,WO2020132227A2
MMMMMXFMFFFMMMMMMMMMM,MFMMMM8MMMMMMFMFMMMMMMM,CAAACUAGUGCAUGAAUAGAA,UUCUAUUCAUGCACUAGUUUGAU,70.65,10.0,24.0,APP,Be(2)C cell line,WO2020132227A2
MMMMMXFMFFFMMMMMMMMMM,MFMMMFMFFMMMMFMFMMMMMMM,UUCCUGAUCACUAUGCAUUUA,UAAAUGCAUAGUGAUCAGGAAAG,87.15,10.0,24.0,APP,Be(2)C cell line,WO2020132227A2
MMMMMXFMFFFMMMMMMMMMM,MFMMMM8MMMMMMFMFMMMMMMM,GAAUCCCUGUUCAUUGUAAGU,ACUUACAAUGAACAGGGAUUCUU,29.0,10.0,24.0,APP,Primary Cynomolgus Monkey Hepatocytes,WO2020132227A2
MMMMMXFMFFFMMMMMMMMMM,MFMMMM8MMMMMMFMFMMMMMMM,UACAUAUGCUUUAAGAAUCGA,UCGAUUCUUAAAGCAUAUGUAAA,45.3,10.0,24.0,APP,Be(2)C cell line,WO2020132227A2
MMMMMXFMFFFMMMMMMMMMM,MFMMMM8MMMMMMFMFMMMMMMM,UGAUUGUACAGAAUCAUUGCU,AGCAAUGAUUCUGUACAAUCAUC,39.8,10.0,24.0,APP,Primary Cynomolgus Monkey Hepatocytes,WO2020132227A2
MMMMMXFMFFFMMMMMMMMMM,MFMMMM8MMMMMMFMFMMMMMMM,AACCAUUGCUUCACUACCCAA,UUGGGUAGUGAAGCAAUGGUUUU,55.51,10.0,24.0,APP,Be(2)C cell line,WO2020132227A2
MMMMMXFMFFFMMMMMMMMMM,MFMMMM8MMMMMMFMFMMMMMMM,CUACUUUACAUAUGCUUUAAU,AUUAAAGCAUAUGUAAAGUAGGA,49.3,10.0,24.0,APP,Primary Cynomolgus Monkey Hepatocytes,WO2020132227A2
MMMMMXFMFFFMMMMMMMMMM,MFMMMFMFFMMMMFMFMMMMMMM,CAGAAUUCGGACAUGAUUCAA,UUGAAUCAUGUCCGAAUUCUGCA,2.5,0.1,24.0,APP,Primary mouse hepatocytes,WO2020132227A2
MMMMMXFMFFFMMMMMMMMMM,MFMMMM8MMMMMMFMFMMMMMMM,AUUGCUGCUUCUGCUAUAUUU,AAAUAUAGCAGAAGCAGCAAUCU,61.4,10.0,24.0,APP,Be(2)C cell line,WO2020132227A2
MMMMMXFMFFFMMMMMMMMMM,MFMMMM8MMMMMMFMFMMMMMMM,CAGGUCAUGAGAGAAUGGGAA,UUCCCAUUCUCUCAUGACCUGGG,68.24,10.0,24.0,APP,Be(2)C cell line,WO2020132227A2
MMMMMXFMFFFMMMMMMMMMM,MFMMMM8MMMMMMFMFMMMMMMM,UUCAAUUACCAAGAAUUCUCU,AGAGAAUUCUUGGUAAUUGAAGA,12.1,10.0,24.0,APP,Primary Cynomolgus Monkey Hepatocytes,WO2020132227A2
MMMMMXFMFFFMMMMMMMMMM,MFMMMM8MMMMMMFMFMMMMMMM,UUUUAAGAUGUGUCUUCAAUU,AAUUGAAGACACAUCUUAAAAGA,35.9,10.0,24.0,APP,Primary Cynomolgus Monkey Hepatocytes,WO2020132227A2
MMMMMXFMFFFMMMMMMMMMM,MFMMMM8MMMMMMFMFMMMMMMM,GUCUCUAUACUACAUUAUUAA,UUAAUAAUGUAGUAUAGAGACCA,17.7,10.0,24.0,APP,Primary Cynomolgus Monkey Hepatocytes,WO2020132227A2
MMMMMXFMFFFMMMMMMMMMM,MFMMMFMFFMMMMFMFMMMMMMM,UUGUGCCUGUUUUAUGUGCAA,UUGCACAUAAAACAGGCACAAAG,72.77,10.0,24.0,APP,Be(2)C cell line,WO2020132227A2
MMMMMXFMFFFMMMMMMMMMM,MFMMMM8MMMMMMFMFMMMMMMM,CUUCUCUUGCCUAAGUAUUCU,AGAAUACUUAGGCAAGAGAAGCA,56.1,10.0,24.0,APP,Primary Cynomolgus Monkey Hepatocytes,WO2020132227A2
MMMMMXFMFFFMMMMMMMMMM,MFMMMM8MMMMMMFMFMMMMMMM,CCUACUUUACAUAUGCUUUAA,UUAAAGCAUAUGUAAAGUAGGAC,14.0,0.1,24.0,APP,Primary Cynomolgus Monkey Hepatocytes,WO2020132227A2
MMMMMXFMFFFMMMMMMMMMM,MFMMMM8MMMMMMFMFMMMMMMM,UAUUCCUUUCCUGAUCACUAU,AUAGUGAUCAGGAAAGGAAUACU,74.2,10.0,24.0,APP,Primary Cynomolgus Monkey Hepatocytes,WO2020132227A2
MMMMMXFMFFFMMMMMMMMMM,MFMMMFMFFMMMMFMFMMMMMMM,GCAGGAUGAUUGUACAGAAUA,UAUUCUGUACAAUCAUCCUGCAG,84.78,10.0,24.0,APP,Be(2)C cell line,WO2020132227A2
MMMMMXFMFFFMMMMMMMMMM,MFMMMM8MMMMMMFMFMMMMMMM,CCCGUUUUAUGAUUUACUCAU,AUGAGUAAAUCAUAAAACGGGUU,90.7,10.0,24.0,APP,Be(2)C cell line,WO2020132227A2
MMMMMXFMFFFMMMMMMMMMM,MFMMMM8MMMMMMFMFMMMMMMM,UUAUCGCCUUUUGACAGCUGU,ACAGCUGUCAAAAGGCGAUAAUG,48.5,10.0,24.0,APP,Primary Cynomolgus Monkey Hepatocytes,WO2020132227A2
MMMMMXFMFFFMMMMMMMMMM,MFMMMM8MMMMMMFMFMMMMMMM,CUUUUAAGAUGUGUCUUCAAU,AUUGAAGACACAUCUUAAAAGAA,4.5,10.0,24.0,APP,Primary Cynomolgus Monkey Hepatocytes,WO2020132227A2
MMMMMXFMFFFMMMMMMMMMM,MFMMMM8MMMMMMFMFMMMMMMM,UUUGUCCACGUAUCUUUGGGU,ACCCAAAGAUACGUGGACAAAAA,13.2,10.0,24.0,APP,Primary Cynomolgus Monkey Hepatocytes,WO2020132227A2
MMMMMXFMFFFMMMMMMMMMM,MFMMMFMFFMMMMFMFMMMMMMM,UUUUAUGUGCACACAUUAGGA,UCCUAAUGUGUGCACAUAAAACA,71.82,10.0,24.0,APP,Be(2)C cell line,WO2020132227A2
MMMMMXFMFFFMMMMMMMMMM,MFMMMM8MMMMMMFMFMMMMMMM,GAUCGCUUUCUACACUGUAUU,AAUACAGUGUAGAAAGCGAUCAU,42.2,10.0,24.0,APP,Primary Cynomolgus Monkey Hepatocytes,WO2020132227A2
MMMMMXFMFFFMMMMMMMMMM,MFMMMM8MMMMMMFMFMMMMMMM,ACCCGUUUUAUGAUUUACUCA,UGAGUAAAUCAUAAAACGGGUUU,15.4,10.0,24.0,APP,Primary Cynomolgus Monkey Hepatocytes,WO2020132227A2
MMMMMXFMFFFMMMMMMMMMM,MFMMMM8MMMMMMFMFMMMMMMM,UGUGCUGUAACACAAGUAGAU,AUCUACUUGUGUUACAGCACAGC,80.1,10.0,24.0,APP,Be(2)C cell line,WO2020132227A2
MMMMMXFMFFFMMMMMMMMMM,MFMMMM8MMMMMMFMFMMMMMMM,AUUCCUUUCCUGAUCACUAUU,AAUAGUGAUCAGGAAAGGAAUAC,84.1,10.0,24.0,APP,Be(2)C cell line,WO2020132227A2
MMMMMXFMFFFMMMMMMMMMM,MFMMMFMFFMMMMFMFMMMMMMM,UGUGCACACAUUAGGCAUUGA,UCAAUGCCUAAUGUGUGCACAUA,74.46,10.0,24.0,APP,Be(2)C cell line,WO2020132227A2
MMMMMXFMFFFMMMMMMMMMM,MFMMMM8MMMMMMFMFMMMMMMM,AUUUAGCUGUAUCAAACUAGU,ACUAGUUUGAUACAGCUAAAUUC,72.9,10.0,24.0,APP,Primary Cynomolgus Monkey Hepatocytes,WO2020132227A2
MMMMMXFMFFFMMMMMMMMMM,MFMMMFMFFMMMMFMFMMMMMMM,UCCGCCAUCAAAAACUGGUGA,UCACCAGUUUUUGAUGGCGGACU,85.29,10.0,24.0,APP,Neuro2A cell line,WO2020132227A2
MMMMMXFMFFFMMMMMMMMMM,MFMMMFMFFMMMMFMFMMMMMMM,CGGAUGGAUGUUUGUGAGACA,UGUCUCACAAACAUCCAUCCGCU,98.1,10.0,24.0,APP,Primary mouse hepatocytes,WO2020132227A2
MMMMMXFMFFFMMMMMMMMMM,MFMMMM8MMMMMMFMFMMMMMMM,AGUGAACCAAGGAUCAGUUAU,AUAACUGAUCCUUGGUUCACUAA,4.1,0.1,24.0,APP,Primary Cynomolgus Monkey Hepatocytes,WO2020132227A2
MMMMMMXMFMFMMMMMMMMMM,MFMMMFMMMMMDMFMFMMMMMMM,AAAGAGCAAAACUAUUCAGAA,UUCUGAAUAGUUUUGCUCUUUCU,80.88,,,APP,Transgenic mice,WO2020132227A2
MMMMMXFMFFFMMMMMMMMMM,MFMMMM8MMMMMMFMFMMMMMMM,CUUAUGACAUGAUCGCUUUCU,AGAAAGCGAUCAUGUCAUAAGCA,41.2,10.0,24.0,APP,Primary Cynomolgus Monkey Hepatocytes,WO2020132227A2
MMMMMXFMFFFMMMMMMMMMM,MFMMMFMFFMMMMFMFMMMMMMM,UGUUCUGUGGUAAACUCAACA,UGUUGAGUUUACCACAGAACAUG,98.5,10.0,24.0,APP,Primary mouse hepatocytes,WO2020132227A2
MMMMMXFMFFFMMMMMMMMMM,MFMMMFMFFMMMMFMFMMMMMMM,GUUGUAUAUUAUUCUUGUGGA,UCCACAAGAAUAAUAUACAACUG,86.8,10.0,24.0,APP,Be(2)C cell line,WO2020132227A2
MMMMMXFMFFFMMMMMMMMMM,MFMMMFMFFMMMMFMFMMMMMMM,UUUCCUGAUCACUAUGCAUUA,UAAUGCAUAGUGAUCAGGAAAGG,90.94,10.0,24.0,APP,Be(2)C cell line,WO2020132227A2
MMMMMXFMFFFMMMMMMMMMM,MFMMMM8MMMMMMFMFMMMMMMM,UGACAUGAUCGCUUUCUACAU,AUGUAGAAAGCGAUCAUGUCAUA,90.0,10.0,24.0,APP,Be(2)C cell line,WO2020132227A2
MMMMMXFMFFFMMMMMMMMMM,MFMMMM8MMMMMMFMFMMMMMMM,CUGGGUUGACAAAUAUCAAGA,UCUUGAUAUUUGUCAACCCAGAA,26.4,10.0,24.0,APP,Primary Cynomolgus Monkey Hepatocytes,WO2020132227A2
MMMMMXFMFFFMMMMMMMMMM,MFMMMM8MMMMMMFMFMMMMMMM,GUCCUACUUUACAUAUGCUUU,AAAGCAUAUGUAAAGUAGGACUU,65.3,10.0,24.0,APP,Primary Cynomolgus Monkey Hepatocytes,WO2020132227A2
MMMMMXFMFFFMMMMMMMMMM,MFMMMFMFFMMMMFMFMMMMMMM,GAGCGCAUGAACCAGUCUCUA,UAGAGACUGGUUCAUGCGCUCGU,6.9,0.1,24.0,APP,Primary mouse hepatocytes,WO2020132227A2
MMMMMXFMFFFMMMMMMMMMM,MFMMMM8MMMMMMFMFMMMMMMM,UGCCUGGACAAACCCUUCUUU,AAAGAAGGGUUUGUCCAGGCAUG,11.8,10.0,24.0,APP,Primary Cynomolgus Monkey Hepatocytes,WO2020132227A2
MMMMMXFMFFFMMMMMMMMMM,MFMMMM8MMMMMMFMFMMMMMMM,AUAUGCUGAAGAAGUACGUCA,UGACGUACUUCUUCAGCAUAUUG,40.28,10.0,24.0,APP,Be(2)C cell line,WO2020132227A2
MMMMMXFMFFFMMMMMMMMMM,MFMMMM8MMMMMMFMFMMMMMMM,UGCAGGAUGAUUGUACAGAAA,UUUCUGUACAAUCAUCCUGCAGA,85.31,10.0,24.0,APP,Be(2)C cell line,WO2020132227A2
MMMMMXFMFFFMMMMMMMMMM,MFMMMM8MMMMMMFMFMMMMMMM,CUACGAAAAUCCAACCUACAA,UUGUAGGUUGGAUUUUCGUAGCC,25.7,10.0,24.0,APP,Primary Cynomolgus Monkey Hepatocytes,WO2020132227A2
MMMMMXFMFFFMMMMMMMMMM,MFMMMM8MMMMMMFMFMMMMMMM,CUCUAUACUACAUUAUUAAUU,AAUUAAUAAUGUAGUAUAGAGAC,5.6,10.0,24.0,APP,Primary Cynomolgus Monkey Hepatocytes,WO2020132227A2
MMMMMXFMFFFMMMMMMMMMM,MFMMMM8MMMMMMFMFMMMMMMM,UUUGUGCCUGUUUUAUGUGCA,UGCACAUAAAACAGGCACAAAGA,63.63,10.0,24.0,APP,Be(2)C cell line,WO2020132227A2
MMMMMXFMFFFMMMMMMMMMM,MFMMMM8MMMMMMFMFMMMMMMM,UCUUUGACCGAAACGAAAACU,AGUUUUCGUUUCGGUCAAAGAUG,13.4,10.0,24.0,APP,Be(2)C cell line,WO2020132227A2
MMMMMXFMFFFMMMMMMMMMM,MFMMMM8MMMMMMFMFMMMMMMM,CAGAAAGAGCAAAACUAUUCA,UGAAUAGUUUUGCUCUUUCUGAA,83.3,10.0,24.0,APP,Primary Cynomolgus Monkey Hepatocytes,WO2020132227A2
MMMMMXFMFFFMMMMMMMMMM,MFMMMFMFFMMMMFMFMMMMMMM,AAAGUUUACUCAAGACUACCA,UGGUAGUCUUGAGUAAACUUUGG,43.8,0.1,24.0,APP,Primary mouse hepatocytes,WO2020132227A2
MMMMMXFMFFFMMMMMMMMMM,MFMMMFMFFMMMMFMFMMMMMMM,AAGGAGCAGAACUACUCCGAA,UUCGGAGUAGUUCUGCUCCUUCU,91.4,10.0,24.0,APP,Primary mouse hepatocytes,WO2020132227A2
MMMMMXFMFFFMMMMMMMMMM,MFMMMM8MMMMMMFMFMMMMMMM,ACUAUGCAUUUUAAAGUUAAA,UUUAACUUUAAAAUGCAUAGUGA,69.2,10.0,24.0,APP,Primary Cynomolgus Monkey Hepatocytes,WO2020132227A2
MMMMMXFMFFFMMMMMMMMMM,MFMMMM8MMMMMMFMFMMMMMMM,AAGUAUUCCUUUCCUGAUCAU,AUGAUCAGGAAAGGAAUACUUAG,75.3,10.0,24.0,APP,Primary Cynomolgus Monkey Hepatocytes,WO2020132227A2
MMMMMXFMFFFMMMMMMMMMM,MFMMMM8MMMMMMFMFMMMMMMM,CAUUGUAAGCACUUUUACGGU,ACCGUAAAAGUGCUUACAAUGAA,12.6,10.0,24.0,APP,Primary Cynomolgus Monkey Hepatocytes,WO2020132227A2
MMMMMXFMFFFMMMMMMMMMM,MFMMMM8MMMMMMFMFMMMMMMM,UUACCAAGAAUUCUCCAAAAU,AUUUUGGAGAAUUCUUGGUAAUU,73.4,10.0,24.0,APP,Primary Cynomolgus Monkey Hepatocytes,WO2020132227A2
MMMMMXFMFFFMMMMMMMMMM,MFMMMM8MMMMMMFMFMMMMMMM,ACUAUUCAGAUGACGUCUUGU,ACAAGACGUCAUCUGAAUAGUUU,48.0,10.0,24.0,APP,Primary Cynomolgus Monkey Hepatocytes,WO2020132227A2
MMMMMXFMFFFMMMMMMMMMM,MFMMMFMFFMMMMFMFMMMMMMM,GUGCUGUAACACAAGUAGAUA,UAUCUACUUGUGUUACAGCACAG,86.78,10.0,24.0,APP,Be(2)C cell line,WO2020132227A2
MMMMMXFMFFFMMMMMMMMMM,MFMMMM8MMMMMMFMFMMMMMMM,UAUCUCUCUUUACAUUUUGGU,ACCAAAAUGUAAAGAGAGAUAGA,35.2,10.0,24.0,APP,Primary Cynomolgus Monkey Hepatocytes,WO2020132227A2
MMMMMXFMFFFMMMMMMMMMM,MFMMMM8MMMMMMFMFMMMMMMM,ACUCAUUAUCGCCUUUUGACA,UGUCAAAAGGCGAUAAUGAGUAA,74.9,10.0,24.0,APP,Primary Cynomolgus Monkey Hepatocytes,WO2020132227A2
MMMMMXFMFFFMMMMMMMMMM,MFMMMM8MMMMMMFMFMMMMMMM,UGGAUGCAGAAUUCCGACAUU,AAUGUCGGAAUUCUGCAUCCAUC,77.4,10.0,24.0,APP,Primary Cynomolgus Monkey Hepatocytes,WO2020132227A2
MMMMMXFMFFFMMMMMMMMMM,MFMMMFMMMMMMMFMFMMMMMMM,AAAGAGCAAAACUAUUCAGAA,UUCUGAAUAGUUUUGCUCUUUCU,79.2,,,APP,Transgenic mice,WO2020132227A2
MMMMMXFMFFFMMMMMMMMMM,MFMMMM8MMMMMMFMFMMMMMMM,UCUUUGGGUCUUUGAUAAAGA,UCUUUAUCAAAGACCCAAAGAUA,78.0,10.0,24.0,APP,Primary Cynomolgus Monkey Hepatocytes,WO2020132227A2
MMMMMMFMFFFMMMMMMMMMM,MFMMMFMFFMMMMFMFMMMMMMM,CAGAUGCUUUAGAGAGAUUUU,AAAAUCUCUCUAAAGCAUCUGAA,59.57,,,APP,Transgenic mice,WO2020132227A2
MMMMMXFMFFFMMMMMMMMMM,MFMMMFMFFMMMMFMFMMMMMMM,CUGAACUGCAGAUCACAAACA,UGUUUGUGAUCUGCAGUUCAGGG,96.7,10.0,24.0,APP,Primary mouse hepatocytes,WO2020132227A2
MMMMMXFMFFFMMMMMMMMMM,MFMMMM8MMMMMMFMFMMMMMMM,CGCUUUCUACACUGUAUUACA,UGUAAUACAGUGUAGAAAGCGAU,66.9,10.0,24.0,APP,Primary Cynomolgus Monkey Hepatocytes,WO2020132227A2
MMMMMXFMFFFMMMMMMMMMM,MFMMMFMFFMMMMFMFMMMMMMM,CCUUACCGUUGCCUAGUUGGA,UCCAACUAGGCAACGGUAAGGAA,92.2,10.0,24.0,APP,Primary mouse hepatocytes,WO2020132227A2
MMMMMXFMFFFMMMMMMMMMM,MFMMMM8MMMMMMFMFMMMMMMM,UAGUGCAUGAAUAGAUUCUCU,AGAGAAUCUAUUCAUGCACUAGU,19.9,0.1,24.0,APP,Primary Cynomolgus Monkey Hepatocytes,WO2020132227A2
MMMMMXFMFFFMMMMMMMMMM,MFMMMM8MMMMMMFMFMMMMMMM,GUCAUAGCGACAGUGAUCGUU,AACGAUCACUGUCGCUAUGACAA,15.1,0.1,24.0,APP,Primary Cynomolgus Monkey Hepatocytes,WO2020132227A2
MMMMMXFMFFFMMMMMMMMMM,MFMMMM8MMMMMMFMFMMMMMMM,UGAUCGCUUUCUACACUGUAU,AUACAGUGUAGAAAGCGAUCAUG,72.4,10.0,24.0,APP,Primary Cynomolgus Monkey Hepatocytes,WO2020132227A2
MMMMMXFMFFFMMMMMMMMMM,MFMMMM8MMMMMMFMFMMMMMMM,GCUGUAACACAAGUAGAUGCU,AGCAUCUACUUGUGUUACAGCAC,33.5,10.0,24.0,APP,Primary Cynomolgus Monkey Hepatocytes,WO2020132227A2
MMMMMXFMFFFMMMMMMMMMM,MFMMMM8MMMMMMFMFMMMMMMM,UUCUCUUGCCUAAGUAUUCCU,AGGAAUACUUAGGCAAGAGAAGC,48.3,10.0,24.0,APP,Primary Cynomolgus Monkey Hepatocytes,WO2020132227A2
MMMMMXFMFFFMMMMMMMMMM,MFMMMM8MMMMMMFMFMMMMMMM,UCUUCGUGCCUGUUUUAUGUU,AACAUAAAACAGGCACGAAGAAA,10.7,10.0,24.0,APP,Primary Cynomolgus Monkey Hepatocytes,WO2020132227A2
MMMMMXFMFFFMMMMMMMMMM,MFMMMFMFFMMMMFMFMMMMMMM,UGUCCCAUUCUUUUACGGCGA,UCGCCGUAAAAGAAUGGGACACA,83.1,10.0,24.0,APP,Primary mouse hepatocytes,WO2020132227A2
MMMMMXFMFFFMMMMMMMMMM,MFMMMM8MMMMMMFMFMMMMMMM,CUCUUGCCUAAGUAUUCCUUU,AAAGGAAUACUUAGGCAAGAGAA,28.6,10.0,24.0,APP,Primary Cynomolgus Monkey Hepatocytes,WO2020132227A2
MMMMMXFMFFFMMMMMMMMMM,MFMMMM8MMMMMMFMFMMMMMMM,UUGCCCGAGAUCCUGUUAAAU,AUUUAACAGGAUCUCGGGCAAGA,9.5,10.0,24.0,APP,Primary Cynomolgus Monkey Hepatocytes,WO2020132227A2
MMMMMXFMFFFMMMMMMMMMM,MFMMMM8MMMMMMFMFMMMMMMM,GUAGAUGCCUGAACUUGAAUU,AAUUCAAGUUCAGGCAUCUACUU,59.6,10.0,24.0,APP,Primary Cynomolgus Monkey Hepatocytes,WO2020132227A2
MMMMMXFMFFFMMMMMMMMMM,MFMMMFMFFMMMMFMFMMMMMMM,UUUGUGCCUGUUUUAUGUGCA,UGCACAUAAAACAGGCACAAAGA,78.26,10.0,24.0,APP,Be(2)C cell line,WO2020132227A2
MMMMMXFMFFFMMMMMMMMMM,MFMMMM8MMMMMMFMFMMMMMMM,UUGGACAGCAAAACCAUUGCU,AGCAAUGGUUUUGCUGUCCAACU,61.8,10.0,24.0,APP,Primary Cynomolgus Monkey Hepatocytes,WO2020132227A2
MMMMMXFMFFFMMMMMMMMMM,MFMMMFMFFMMMMFMFMMMMMMM,CUGUGGUAAACUCAACAUGCA,UGCAUGUUGAGUUUACCACAGAA,94.9,10.0,24.0,APP,Primary mouse hepatocytes,WO2020132227A2
MMMMMXFMFFFMMMMMMMMMM,MFMMMM8MMMMMMFMFMMMMMMM,CUCCUGAUUAUUUAUCACAUA,UAUGUGAUAAAUAAUCAGGAGAG,70.1,10.0,24.0,APP,Primary Cynomolgus Monkey Hepatocytes,WO2020132227A2
MMMMMXFMFFFMMMMMMMMMM,MFMMMFMFFMMMMFMFMMMMMMM,AUUGUACAGAAUCAUUGCUUA,UAAGCAAUGAUUCUGUACAAUCA,89.45,10.0,24.0,APP,Be(2)C cell line,WO2020132227A2
MMMMMXFMFFFMMMMMMMMMM,MFMMMM8MMMMMMFMFMMMMMMM,AUCCACACAUCAGUAAUGUAU,AUACAUUACUGAUGUGUGGAUUA,10.4,10.0,24.0,APP,Primary Cynomolgus Monkey Hepatocytes,WO2020132227A2
MMMMMXFMFFFMMMMMMMMMM,MFMMMM8MMMMMMFMFMMMMMMM,GGGAUGCUUCAUGUGAACGUU,AACGUUCACAUGAAGCAUCCCCC,44.0,10.0,24.0,APP,Primary Cynomolgus Monkey Hepatocytes,WO2020132227A2
MMMMMXFMFFFMMMMMMMMMM,MFMMMFMFFMMMMFMFMMMMMMM,UUUCUACACUGUAUUACAUAA,UUAUGUAAUACAGUGUAGAAAGC,90.16,10.0,24.0,APP,Be(2)C cell line,WO2020132227A2
MMMMMXFMFFFMMMMMMMMMM,MFMMMFMFFMMMMFMFMMMMMMM,AGAGCACUAACUUGCACGACA,UGUCGUGCAAGUUAGUGCUCUUC,59.1,0.1,24.0,APP,Primary mouse hepatocytes,WO2020132227A2
MMMMMXFMFFFMMMMMMMMMM,MFMMMFMFFMMMMFMFMMMMMMM,ACAGCUGUGCUGUAACACAAA,UUUGUGUUACAGCACAGCUGUCA,82.26,10.0,24.0,APP,Be(2)C cell line,WO2020132227A2
MMMMMXFMFFFMMMMMMMMMM,MFMMMM8MMMMMMFMFMMMMMMM,UCCACACAUCAGUAAUGUAUU,AAUACAUUACUGAUGUGUGGAUU,11.5,10.0,24.0,APP,Primary Cynomolgus Monkey Hepatocytes,WO2020132227A2
MMMMMXFMFFFMMMMMMMMMM,MFMMMFMFFMMMMFMFMMMMMMM,UUGCACGACUAUGGCAUGCUA,UAGCAUGCCAUAGUCGUGCAAGU,98.2,10.0,24.0,APP,Primary mouse hepatocytes,WO2020132227A2
MMMMMXFMFFFMMMMMMMMMM,MFMMMM8MMMMMMFMFMMMMMMM,AGUUGGACAGCAAAACCAUUU,AAAUGGUUUUGCUGUCCAACUUC,68.1,10.0,24.0,APP,Primary Cynomolgus Monkey Hepatocytes,WO2020132227A2
MMMMMXFMFFFMMMMMMMMMM,MFMMMM8MMMMMMFMFMMMMMMM,AUCAGUUACGGAAACGAUGCU,AGCAUCGUUUCCGUAACUGAUCC,34.5,10.0,24.0,APP,Primary Cynomolgus Monkey Hepatocytes,WO2020132227A2
MMMMMXFMFFFMMMMMMMMMM,MFMMMM8MMMMMMFMFMMMMMMM,UGGGUUGACAAAUAUCAAGAU,AUCUUGAUAUUUGUCAACCCAGA,49.5,10.0,24.0,APP,Primary Cynomolgus Monkey Hepatocytes,WO2020132227A2
MMMMMXFMFFFMMMMMMMMMM,MFMMMM8MMMMMMFMFMMMMMMM,UGCUUCUCUUGCCUAAGUAUU,AAUACUUAGGCAAGAGAAGCAGC,46.7,10.0,24.0,APP,Primary Cynomolgus Monkey Hepatocytes,WO2020132227A2
MMMMMXFMFFFMMMMMMMMMM,MFMMMM8MMMMMMFMFMMMMMMM,UCUCCUGAUUAUUUAUCACAU,AUGUGAUAAAUAAUCAGGAGAGA,77.0,10.0,24.0,APP,Primary Cynomolgus Monkey Hepatocytes,WO2020132227A2
MMMMMXFMFFFMMMMMMMMMM,MFMMMM8MMMMMMFMFMMMMMMM,AAUUACCAAGAAUUCUCCAAA,UUUGGAGAAUUCUUGGUAAUUGA,69.7,10.0,24.0,APP,Primary Cynomolgus Monkey Hepatocytes,WO2020132227A2
MMMMMXFMFFFMMMMMMMMMM,MFMMMM8MMMMMMFMFMMMMMMM,UUUCUUUAACCAGUCUGAAGU,ACUUCAGACUGGUUAAAGAAAAU,20.5,10.0,24.0,APP,Primary Cynomolgus Monkey Hepatocytes,WO2020132227A2
MMMMMXFMFFFMMMMMMMMMM,MFMMMM8MMMMMMFMFMMMMMMM,UCAAUUACCAAGAAUUCUCCA,UGGAGAAUUCUUGGUAAUUGAAG,25.8,10.0,24.0,APP,Primary Cynomolgus Monkey Hepatocytes,WO2020132227A2
MMMMMXFMFFFMMMMMMMMMM,MFMMMM8MMMMMMFMFMMMMMMM,AAGUUGGACAGCAAAACCAUU,AAUGGUUUUGCUGUCCAACUUCA,21.0,10.0,24.0,APP,Primary Cynomolgus Monkey Hepatocytes,WO2020132227A2
MMMMMXFMFFFMMMMMMMMMM,MFMMMM8MMMMMMFMFMMMMMMM,AUAUGCUUUAAGAAUCGAUGU,ACAUCGAUUCUUAAAGCAUAUGU,94.3,10.0,24.0,APP,Be(2)C cell line,WO2020132227A2
MMMMMXFMDFFMMMMMMMMMM,MDMMMM8MMMMMMFMDMMMMMMM,UAGUGCAUGAAUAGAUUCUCA,UGAGAAUCUAUUCAUGCACUAGU,39.65,,,APP,Transgenic mice,WO2020132227A2
MMMMMXFMFFFMMMMMMMMMM,MFMMMFMFFMMMMFMFMMMMMMM,CUCAAGACUACCAGUGAACCA,UGGUUCACUGGUAGUCUUGAGUA,80.2,10.0,24.0,APP,Primary mouse hepatocytes,WO2020132227A2
MMMMMMFMFFFMMMMMMMMMM,MFMMMFMFFMMMMFMFMMMMMMM,GUGGUUUGUGACCCAAUUAAU,AUUAAUUGGGUCACAAACCACAA,49.76,,,APP,Transgenic mice,WO2020132227A2
MMMMMXFMFFFMMMMMMMMMM,MFMMMFMFFMMMMFMFMMMMMMM,UUUAGCUGUAUCAAACUAGUA,UACUAGUUUGAUACAGCUAAAUU,85.43,10.0,24.0,APP,Be(2)C cell line,WO2020132227A2
MMMMMXFMFFFMMMMMMMMMM,MFMMMFMFFMMMMFMFMMMMMMM,ACCGUCGCCAAAGAGACAUGA,UCAUGUCUCUUUGGCGACGGUGU,96.5,10.0,24.0,APP,Primary mouse hepatocytes,WO2020132227A2
MMMMMXFMFFFMMMMMMMMMM,MFMMMFMFFMMMMFMFMMMMMMM,UGCAGGAUGAUUGUACAGAAA,UUUCUGUACAAUCAUCCUGCAGA,89.87,10.0,24.0,APP,Be(2)C cell line,WO2020132227A2
MMMMMXFMFFFMMMMMMMMMM,MFMMMFMFFMMMMFMFMMMMMMM,GUUCUGUGGUAAACUCAACAA,UUGUUGAGUUUACCACAGAACAU,88.8,10.0,24.0,APP,Primary mouse hepatocytes,WO2020132227A2
MMMMMXFMFFFMMMMMMMMMM,MFMMMM8MMMMMMFMFMMMMMMM,CCUGAUUAUUUAUCACAUAGU,ACUAUGUGAUAAAUAAUCAGGAG,57.6,10.0,24.0,APP,Primary Cynomolgus Monkey Hepatocytes,WO2020132227A2
MMMMMXFMFFFMMMMMMMMMM,MFMMMFMFFMMMMFMFMMMMMMM,CAGCGAGAAGAGCACUAACUA,UAGUUAGUGCUCUUCUCGCUGCA,93.3,10.0,24.0,APP,Primary mouse hepatocytes,WO2020132227A2
MMMMMXFMFFFMMMMMMMMMM,MFMMMM8MMMMMMFMFMMMMMMM,UCGGUGUCCAUUUAUAGAAUA,UAUUCUAUAAAUGGACACCGAUG,12.5,0.1,24.0,APP,Primary Cynomolgus Monkey Hepatocytes,WO2020132227A2
MMMMMXFMFFFMMMMMMMMMM,MFMMMM8MMMMMMFMFMMMMMMM,UUUCUACACUGUAUUACAUAA,UUAUGUAAUACAGUGUAGAAAGC,64.68,10.0,24.0,APP,Be(2)C cell line,WO2020132227A2
MMMMMXFMFFFMMMMMMMMMM,MFMMMM8MMMMMMFMFMMMMMMM,GAUCAGUUACGGAAACGAUGU,ACAUCGUUUCCGUAACUGAUCCU,0.1,0.1,24.0,APP,Primary Cynomolgus Monkey Hepatocytes,WO2020132227A2
MMMMMXFMFFFMMMMMMMMMM,MFMMMM8MMMMMMFMFMMMMMMM,UUGUGGUUUGUGACCCAAUUA,UAAUUGGGUCACAAACCACAAGA,63.1,10.0,24.0,APP,Primary Cynomolgus Monkey Hepatocytes,WO2020132227A2
MMMMMXFMFFFMMMMMMMMMM,MFMMMM8MMMMMMFMFMMMMMMM,GUGCUGUAACACAAGUAGAUA,UAUCUACUUGUGUUACAGCACAG,82.72,10.0,24.0,APP,Be(2)C cell line,WO2020132227A2
MMMMMXFMFFFMMMMMMMMMM,MFMMMFMFFMMMMFMFMMMMMMM,GGAUGAUUGUACAGAAUCAUA,UAUGAUUCUGUACAAUCAUCCUG,87.41,10.0,24.0,APP,Be(2)C cell line,WO2020132227A2
MMMMMXFMFFFMMMMMMMMMM,MFMMMM8MMMMMMFMFMMMMMMM,GGAUGAUUGUACAGAAUCAUA,UAUGAUUCUGUACAAUCAUCCUG,64.72,10.0,24.0,APP,Be(2)C cell line,WO2020132227A2
MMMMMXFMFFFMMMMMMMMMM,MFMMMFMFFMMMMFMFMMMMMMM,UUCUACACUGUAUUACAUAAA,UUUAUGUAAUACAGUGUAGAAAG,89.73,10.0,24.0,APP,Be(2)C cell line,WO2020132227A2
MMMMMXFMFFFMMMMMMMMMM,MFMMMFMFFMMMMFMFMMMMMMM,AACCAUUGCUUCACUACCCAA,UUGGGUAGUGAAGCAAUGGUUUU,65.57,10.0,24.0,APP,Be(2)C cell line,WO2020132227A2
MMMMMXFMFFFMMMMMMMMMM,MFMMMFMFFMMMMFMFMMMMMMM,CACAUCGUGAUUCCUUACCGA,UCGGUAAGGAAUCACGAUGUGGG,60.1,0.1,24.0,APP,Primary mouse hepatocytes,WO2020132227A2
MMMMMXFMFFFMMMMMMMMMM,MFMMMFMFFMMMMFMFMMMMMMM,GAACUGCAGAUCACAAACGUA,UACGUUUGUGAUCUGCAGUUCAG,95.1,10.0,24.0,APP,Primary mouse hepatocytes,WO2020132227A2
MMMMMXFMFFFMMMMMMMMMM,MFMMMFMFFMMMMFMFMMMMMMM,GCAACCGUGAUUGUCAUCACA,UGUGAUGACAAUCACGGUUGCUA,53.4,0.1,24.0,APP,Primary mouse hepatocytes,WO2020132227A2
MMMMMXFMFFFMMMMMMMMMM,MFMMMFMFFMMMMFMFMMMMMMM,CACCUCCGUGUGAUCUACGAA,UUCGUAGAUCACACGGAGGUGUG,89.5,10.0,24.0,APP,Primary mouse hepatocytes,WO2020132227A2
MMMMMXFMFFFMMMMMMMMMM,MFMMMM8MMMMMMFMFMMMMMMM,UCUAUACUACAUUAUUAAUGU,ACAUUAAUAAUGUAGUAUAGAGA,26.7,10.0,24.0,APP,Primary Cynomolgus Monkey Hepatocytes,WO2020132227A2
MMMMMXFMFFFMMMMMMMMMM,MFMMMM8MMMMMMFMFMMMMMMM,GGUCUUCAAUUACCAAGAAUU,AAUUCUUGGUAAUUGAAGACCAG,15.8,10.0,24.0,APP,Primary Cynomolgus Monkey Hepatocytes,WO2020132227A2
MMMMMMFMFFFMMMMMMMMMM,MFMMMFMFFMMMMFMFMMMMMMM,UUGCUGCUUCUGCUAUAUUUU,AAAAUAUAGCAGAAGCAGCAAUC,15.06,,,APP,Transgenic mice,WO2020132227A2
MMMMMXFMFFFMMMMMMMMMM,MFMMMFMFFMMMMFMFMMMMMMM,AGCAUUUUGAACAUGUGCGCA,UGCGCACAUGUUCAAAAUGCUUU,93.7,10.0,24.0,APP,Primary mouse hepatocytes,WO2020132227A2
MMMMMXFMFFFMMMMMMMMMM,MFMMMFMFFMMMMFMFMMMMMMM,UGACAAGAAGGCCGUUAUCCA,UGGAUAACGGCCUUCUUGUCAGC,96.1,10.0,24.0,APP,Primary mouse hepatocytes,WO2020132227A2
MMMMMXMMFFFMMMMMMMMMM,MFMMMD8MMMMDMFMDMMMMMMM,GGCUACGAAAAUCCAACCUAA,UUAGGUUGGAUUUUCGUAGCCGU,71.49,,,APP,Transgenic mice,WO2020132227A2
MMMMMXFMFFFMMMMMMMMMM,MFMMMFMFFMMMMFMFMMMMMMM,AGCGUGUCAACCCAAAGUUUA,UAAACUUUGGGUUGACACGCUGC,6.3,0.1,24.0,APP,Primary mouse hepatocytes,WO2020132227A2
MMMMMXFMFFFMMMMMMMMMM,MFMMMM8MMMMMMFMFMMMMMMM,CAUGAUCGCUUUCUACACUGU,ACAGUGUAGAAAGCGAUCAUGUC,16.3,0.1,24.0,APP,Primary Cynomolgus Monkey Hepatocytes,WO2020132227A2
MMMMMXFMFFFMMMMMMMMMM,MFMMMFMFFMMMMFMFMMMMMMM,UGUGUCCCAUUCUUUUACGGA,UCCGUAAAAGAAUGGGACACACU,39.1,10.0,24.0,APP,Primary mouse hepatocytes,WO2020132227A2
MMMMMXFMFFFMMMMMMMMMM,MFMMMM8MMMMMMFMFMMMMMMM,UGUGCACACAUUAGGCAUUGA,UCAAUGCCUAAUGUGUGCACAUA,55.8,10.0,24.0,APP,Primary Cynomolgus Monkey Hepatocytes,WO2020132227A2
MMMMMXFMFFFMMMMMMMMMM,MFMMMM8MMMMMMFMFMMMMMMM,AAUUAAGUCCUACUUUACAUA,UAUGUAAAGUAGGACUUAAUUGG,78.1,10.0,24.0,APP,Primary Cynomolgus Monkey Hepatocytes,WO2020132227A2
MMMMMXFMFFFMMMMMMMMMM,MFMMMM8MMMMMMFMFMMMMMMM,UCGCUUUCUACACUGUAUUAU,AUAAUACAGUGUAGAAAGCGAUC,24.6,10.0,24.0,APP,Primary Cynomolgus Monkey Hepatocytes,WO2020132227A2
MMMMMXFMFFFMMMMMMMMMM,MFMMMFMFFMMMMFMFMMMMMMM,CCAUGUUCUGUGGUAAACUCA,UGAGUUUACCACAGAACAUGGCG,95.8,10.0,24.0,APP,Primary mouse hepatocytes,WO2020132227A2
MMMMMXFMFFFMMMMMMMMMM,MFMMMM8MMMMMMFMFMMMMMMM,AUGACAUGAUCGCUUUCUACA,UGUAGAAAGCGAUCAUGUCAUAA,7.1,0.1,24.0,APP,Primary Cynomolgus Monkey Hepatocytes,WO2020132227A2
MMMMMXFMFFFMMMMMMMMMM,MFMMMM8MMMMMMFMFMMMMMMM,UUGUGUACUGUAAAGAAUUUA,UAAAUUCUUUACAGUACACAAAA,20.3,10.0,24.0,APP,Primary Cynomolgus Monkey Hepatocytes,WO2020132227A2
MMMMMXFMFFFMMMMMMMMMM,MFMMMM8MMMMMMFMFMMMMMMM,CUAGUGCAUGAAUAGAUUCUU,AAGAAUCUAUUCAUGCACUAGUU,77.9,10.0,24.0,APP,Primary Cynomolgus Monkey Hepatocytes,WO2020132227A2
MMMMMXFMFFFMMMMMMMMMM,MFMMMFMFFMMMMFMFMMMMMMM,GUCCGCCAUCAAAAACUGGUA,UACCAGUUUUUGAUGGCGGACUU,93.1,10.0,24.0,APP,Primary mouse hepatocytes,WO2020132227A2
MMMMMXFMFFFMMMMMMMMMM,MFMMMM8MMMMMMFMFMMMMMMM,ACAGCUGUGCUGUAACACAAU,AUUGUGUUACAGCACAGCUGUCA,29.8,0.1,24.0,APP,Primary Cynomolgus Monkey Hepatocytes,WO2020132227A2
MMMMMXFMFFFMMMMMMMMMM,MFMMMFMFFMMMMFMFMMMMMMM,CAGGUCAUGAGAGAAUGGGAA,UUCCCAUUCUCUCAUGACCUGGG,39.65,10.0,24.0,APP,Be(2)C cell line,WO2020132227A2
MMMMMXFMFFFMMMMMMMMMM,MFMMMFMFFMMMMFMFMMMMMMM,AGCACACCCUAAAGCAUUUUA,UAAAAUGCUUUAGGGUGUGCUGU,37.8,10.0,24.0,APP,Primary mouse hepatocytes,WO2020132227A2
MMMMMXFMFFFMMMMMMMMMM,MFMMMM8MMMMMMFMFMMMMMMM,UCUUGUGGUUUGUGACCCAAU,AUUGGGUCACAAACCACAAGAAU,77.7,10.0,24.0,APP,Primary Cynomolgus Monkey Hepatocytes,WO2020132227A2
MMMMMXFMFFFMMMMMMMMMM,MFMMMFMFFMMMMFMFMMMMMMM,ACUAACUUGCACGACUAUGGA,UCCAUAGUCGUGCAAGUUAGUGC,89.7,10.0,24.0,APP,Primary mouse hepatocytes,WO2020132227A2
MMMMMXFMFFFMMMMMMMMMM,MFMMMFMFFMMMMFMFMMMMMMM,AUGUGCACACAUUAGGCAUUA,UAAUGCCUAAUGUGUGCACAUAA,59.15,10.0,24.0,APP,Be(2)C cell line,WO2020132227A2
MMMMMXFMFFFMMMMMMMMMM,MFMMMM8MMMMMMFMFMMMMMMM,UGGUCUCUAUACUACAUUAUU,AAUAAUGUAGUAUAGAGACCAAA,4.9,10.0,24.0,APP,Primary Cynomolgus Monkey Hepatocytes,WO2020132227A2
MMMMMXFMFFFMMMMMMMMMM,MFMMMFMFFMMMMFMFMMMMMMM,UGUGGUAAACUCAACAUGCAA,UUGCAUGUUGAGUUUACCACAGA,99.53,10.0,24.0,APP,Neuro2A cell line,WO2020132227A2
MMMMMXFMFFFMMMMMMMMMM,MFMMMFMFFMMMMFMFMMMMMMM,ACCAUCCAGAACUGGUGCAAA,UUUGCACCAGUUCUGGAUGGUCA,55.43,10.0,24.0,APP,Be(2)C cell line,WO2020132227A2
MMMMMXFMFFFMMMMMMMMMM,MFMMMM8MMMMMMFMFMMMMMMM,UUGUGACCCAAUUAAGUCCUA,UAGGACUUAAUUGGGUCACAAAC,38.9,10.0,24.0,APP,Primary Cynomolgus Monkey Hepatocytes,WO2020132227A2
MMMMMXFMFFFMMMMMMMMMM,MFMMMM8MMMMMMFMFMMMMMMM,UGCUGUAACACAAGUAGAUGA,UCAUCUACUUGUGUUACAGCACA,36.46,10.0,24.0,APP,Be(2)C cell line,WO2020132227A2
MMMMMXFMFFFMMMMMMMMMM,MFMMMM8MMMMMMFMFMMMMMMM,CAUCAAAAAUUGGUGUUCUUU,AAAGAACACCAAUUUUUGAUGAU,8.2,10.0,24.0,APP,Primary Cynomolgus Monkey Hepatocytes,WO2020132227A2
MMMMMXFMFFFMMMMMMMMMM,MFMMMM8MMMMMMFMFMMMMMMM,AUUUAGCUGUAUCAAACUAGA,UCUAGUUUGAUACAGCUAAAUUC,88.21,1.0,24.0,APP,Be(2)C cell line,WO2020132227A2
MMMMMXFMFFFMMMMMMMMMM,MFMMMM8MMMMMMFMFMMMMMMM,UCCAACCUACAAGUUCUUUGA,UCAAAGAACUUGUAGGUUGGAUU,77.2,10.0,24.0,APP,Primary Cynomolgus Monkey Hepatocytes,WO2020132227A2
MMMMMXFMFFFMMMMMMMMMM,MFMMMFMFFMMMMFMFMMMMMMM,GCACUAACUUGCACGACUAUA,UAUAGUCGUGCAAGUUAGUGCUC,34.9,10.0,24.0,APP,Primary mouse hepatocytes,WO2020132227A2
MMMMMXFMFFFMMMMMMMMMM,MFMMMM8MMMMMMFMFMMMMMMM,UUUUGACAGCUGUGCUGUAAU,AUUACAGCACAGCUGUCAAAAGG,75.9,10.0,24.0,APP,Primary Cynomolgus Monkey Hepatocytes,WO2020132227A2
MMMMMXFMFFFMMMMMMMMMM,MFMMMM8MMMMMMFMFMMMMMMM,GCUGUAUCAAACUAGUGCAUU,AAUGCACUAGUUUGAUACAGCUA,76.9,10.0,24.0,APP,Be(2)C cell line,WO2020132227A2
MMMMMXFMFFFMMMMMMMMMM,MFMMMM8MMMMMMFMFMMMMMMM,UCAUUGCUUAUGACAUGAUCU,AGAUCAUGUCAUAAGCAAUGAUU,79.2,10.0,24.0,APP,Primary Cynomolgus Monkey Hepatocytes,WO2020132227A2
MMMMMXFMFFFMMMMMMMMMM,MFMMMM8MMMMMMFMFMMMMMMM,CUGCAUUUUACUGUACAGAUU,AAUCUGUACAGUAAAAUGCAGUC,67.0,10.0,24.0,APP,Primary Cynomolgus Monkey Hepatocytes,WO2020132227A2
MMMMMXFMFFFMMMMMMMMMM,MFMMMM8MMMMMMFMFMMMMMMM,GGCCAACAUGAUUAGUGAACU,AGUUCACUAAUCAUGUUGGCCAA,53.7,10.0,24.0,APP,Primary Cynomolgus Monkey Hepatocytes,WO2020132227A2
MMMMMXFMFFFMMMMMMMMMM,MFMMMM8MMMMMMFMFMMMMMMM,GUUCUGGGUUGACAAAUAUCA,UGAUAUUUGUCAACCCAGAACCU,53.0,10.0,24.0,APP,Primary Cynomolgus Monkey Hepatocytes,WO2020132227A2
MMMMMXFMFFFMMMMMMMMMM,MFMMMM8MMMMMMFMFMMMMMMM,CAUGCCAUCUUUGACCGAAAU,AUUUCGGUCAAAGAUGGCAUGAG,11.1,10.0,24.0,APP,Primary Cynomolgus Monkey Hepatocytes,WO2020132227A2
MMMMMXFMFFFMMMMMMMMMM,MFMMMM8MMMMMMFMFMMMMMMM,AAAGAAUCCCUGUUCAUUGUA,UACAAUGAACAGGGAUUCUUUUC,38.6,10.0,24.0,APP,Primary Cynomolgus Monkey Hepatocytes,WO2020132227A2
MMMMMXFMFFFMMMMMMMMMM,MFMMMM8MMMMMMFMFMMMMMMM,CAUAUGCUUUAAGAAUCGAUU,AAUCGAUUCUUAAAGCAUAUGUA,38.3,10.0,24.0,APP,Primary Cynomolgus Monkey Hepatocytes,WO2020132227A2
MMMMMXFMFFFMMMMMMMMMM,MFMMMFMFFMMMMFMFMMMMMMM,UAUCAAACUAGUGCAUGAAUA,UAUUCAUGCACUAGUUUGAUACA,80.36,10.0,24.0,APP,Be(2)C cell line,WO2020132227A2
MMMMMXFMFFFMMMMMMMMMM,MFMMMM8MMMMMMFMFMMMMMMM,CACCGAGAGAGAAUGUCCCAA,UUGGGACAUUCUCUCUCGGUGCU,28.67,10.0,24.0,APP,Be(2)C cell line,WO2020132227A2
MMMMMXFMFFFMMMMMMMMMM,MFMMMM8MMMMMMFMFMMMMMMM,AGAAGAUGUGGGUUCAAACAA,UUGUUUGAACCCACAUCUUCUGC,4.6,0.1,24.0,APP,Primary Cynomolgus Monkey Hepatocytes,WO2020132227A2
MMMMMXFMFFFMMMMMMMMMM,MFMMMM8MMMMMMFMFMMMMMMM,CUGAACUUGAAUUAAUCCACA,UGUGGAUUAAUUCAAGUUCAGGC,74.5,10.0,24.0,APP,Primary Cynomolgus Monkey Hepatocytes,WO2020132227A2
MMMMMXFMFFFMMMMMMMMMM,MFMMMM8MMMMMMFMFMMMMMMM,CUGAAGAAGAAACAGUACACA,UGUGUACUGUUUCUUCUUCAGCA,30.5,10.0,24.0,APP,Primary Cynomolgus Monkey Hepatocytes,WO2020132227A2
MMMMMXFMFFFMMMMMMMMMM,MFMMMM8MMMMMMFMFMMMMMMM,CUCUCUUUACAUUUUGGUCUU,AAGACCAAAAUGUAAAGAGAGAU,86.4,10.0,24.0,APP,Be(2)C cell line,WO2020132227A2
MMMMMXFMDFFMMMMMMMMMM,MDMMDM8MMMMDMFMDMMMMMMM,UAGUGCAUGAAUAGAUUCUCA,UGAGAAUCUAUUCAUGCACUAGU,38.84,,,APP,Transgenic mice,WO2020132227A2
MMMMMXFMFFFMMMMMMMMMM,MFMMMFMFFMMMMFMFMMMMMMM,AUUUAGCUGUAUCAAACUAGA,UCUAGUUUGAUACAGCUAAAUUC,88.21,10.0,24.0,APP,Be(2)C cell line,WO2020132227A2
MMMMMXFMFFFMMMMMMMMMM,MFMMMM8MMMMMMFMFMMMMMMM,CUGGUCUUCAAUUACCAAGAA,UUCUUGGUAAUUGAAGACCAGCA,62.2,10.0,24.0,APP,Primary Cynomolgus Monkey Hepatocytes,WO2020132227A2
MMMMMXFMFFFMMMMMMMMMM,MFMMMM8MMMMMMFMFMMMMMMM,UAUGAAGUUCAUCAUCAAAAA,UUUUUGAUGAUGAACUUCAUAUC,81.6,10.0,24.0,APP,Primary Cynomolgus Monkey Hepatocytes,WO2020132227A2
MMMMMXFMFFFMMMMMMMMMM,MFMMMM8MMMMMMFMFMMMMMMM,GUGCACACAUUAGGCAUUGAA,UUCAAUGCCUAAUGUGUGCACAU,34.26,10.0,24.0,APP,Be(2)C cell line,WO2020132227A2
MMMMMXFMFFFMMMMMMMMMM,MFMMMM8MMMMMMFMFMMMMMMM,AAAUGGAAGUGGCAAUAUAAU,AUUAUAUUGCCACUUCCAUUUUC,6.5,10.0,24.0,APP,Primary Cynomolgus Monkey Hepatocytes,WO2020132227A2
MMMMMXFMFFFMMMMMMMMMM,MFMMMFMFFMMMMFMFMMMMMMM,AGCACUAACUUGCACGACUAA,UUAGUCGUGCAAGUUAGUGCUCU,71.6,10.0,24.0,APP,Primary mouse hepatocytes,WO2020132227A2
MMMMMXFMFFFMMMMMMMMMM,MFMMMM8MMMMMMFMFMMMMMMM,UGUGACCCAAUUAAGUCCUAU,AUAGGACUUAAUUGGGUCACAAA,34.7,0.1,24.0,APP,Be(2)C cell line,WO2020132227A2
MMMMMXFMFFFMMMMMMMMMM,MFMMMM8MMMMMMFMFMMMMMMM,UUUAGCUGUAUCAAACUAGUA,UACUAGUUUGAUACAGCUAAAUU,66.6,10.0,24.0,APP,Be(2)C cell line,WO2020132227A2
MMMMMXFMFFFMMMMMMMMMM,MFMMMM8MMMMMMFMFMMMMMMM,AUCCUGUUAAACUUCCUACAA,UUGUAGGAAGUUUAACAGGAUCU,42.6,10.0,24.0,APP,Primary Cynomolgus Monkey Hepatocytes,WO2020132227A2
MMMMMXFMFFFMMMMMMMMMM,MFMMMM8MMMMMMFMFMMMMMMM,ACGUAUCUUUGGGUCUUUGAU,AUCAAAGACCCAAAGAUACGUGG,29.4,0.1,24.0,APP,Be(2)C cell line,WO2020132227A2
MMMMMXFMFFFMMMMMMMMMM,MFMMMM8MMMMMMFMFMMMMMMM,ACCAUCCAGAACUGGUGCAAA,UUUGCACCAGUUCUGGAUGGUCA,10.41,10.0,24.0,APP,Be(2)C cell line,WO2020132227A2
MMMMMXFMFFFMMMMMMMMMM,MFMMMM8MMMMMMFMFMMMMMMM,ACACAUCAGUAAUGUAUUCUA,UAGAAUACAUUACUGAUGUGUGG,15.9,10.0,24.0,APP,Primary Cynomolgus Monkey Hepatocytes,WO2020132227A2
MMMMMXFMFFFMMMMMMMMMM,MFMMMM8MMMMMMFMFMMMMMMM,ACCCAAUUAAGUCCUACUUUA,UAAAGUAGGACUUAAUUGGGUCA,4.2,0.1,24.0,APP,Primary Cynomolgus Monkey Hepatocytes,WO2020132227A2
MMMMMXFMFFFMMMMMMMMMM,MFMMMM8MMMMMMFMFMMMMMMM,UUGUACAGAAUCAUUGCUUAA,UUAAGCAAUGAUUCUGUACAAUC,74.88,10.0,24.0,APP,Be(2)C cell line,WO2020132227A2
MMMMMXFMFFFMMMMMMMMMM,MFMMMM8MMMMMMFMFMMMMMMM,AUGUGUCUUCAAUUUGUAUAA,UUAUACAAAUUGAAGACACAUCU,22.8,10.0,24.0,APP,Primary Cynomolgus Monkey Hepatocytes,WO2020132227A2
MMMMMXFMFFFMMMMMMMMMM,MFMMMM8MMMMMMFMFMMMMMMM,AAGAAUCCCUGUUCAUUGUAA,UUACAAUGAACAGGGAUUCUUUU,46.2,10.0,24.0,APP,Primary Cynomolgus Monkey Hepatocytes,WO2020132227A2
MMMMMXFMFFFMMMMMMMMMM,MFMMMM8MMMMMMFMFMMMMMMM,CCACACAUCAGUAAUGUAUUU,AAAUACAUUACUGAUGUGUGGAU,28.5,10.0,24.0,APP,Primary Cynomolgus Monkey Hepatocytes,WO2020132227A2
MMMMMXFMFFFMMMMMMMMMM,MFMMMFMFFMMMMFMFMMMMMMM,GUCCCAUUCUUUUACGGCGGA,UCCGCCGUAAAAGAAUGGGACAC,51.3,10.0,24.0,APP,Primary mouse hepatocytes,WO2020132227A2
MMMMMXFMFFFMMMMMMMMMM,MFMMMM8MMMMMMFMFMMMMMMM,CUUCAAUUUGUAUAAAAUGGU,ACCAUUUUAUACAAAUUGAAGAC,19.6,10.0,24.0,APP,Primary Cynomolgus Monkey Hepatocytes,WO2020132227A2
MMMMMXFMFFFMMMMMMMMMM,MFMMMM8MMMMMMFMFMMMMMMM,ACGAAAAUCCAACCUACAAGU,ACUUGUAGGUUGGAUUUUCGUAG,53.1,10.0,24.0,APP,Primary Cynomolgus Monkey Hepatocytes,WO2020132227A2
MMMMMXFMFFFMMMMMMMMMM,MFMMMM8MMMMMMFMFMMMMMMM,AAGAUGUGGGUUCAAACAAAU,AUUUGUUUGAACCCACAUCUUCU,40.0,10.0,24.0,APP,Primary Cynomolgus Monkey Hepatocytes,WO2020132227A2
MMMMMXFMFFFMMMMMMMMMM,MFMMMM8MMMMMMFMFMMMMMMM,CUUCCCGUGAAUGGAGAGUUU,AAACUCUCCAUUCACGGGAAGGA,66.0,10.0,24.0,APP,Primary Cynomolgus Monkey Hepatocytes,WO2020132227A2
MMMMMXFMFFFMMMMMMMMMM,MFMMMFMFFMMMMFMFMMMMMMM,GGUAAACUCAACAUGCACAUA,UAUGUGCAUGUUGAGUUUACCAC,94.3,10.0,24.0,APP,Primary mouse hepatocytes,WO2020132227A2
