compound_id,duplex_id,start_pos_nm,target_seq_21,sense_seq,anti_seq,sense_mods,anti_mods,remaining_mrna_pct,knockdown_pct,sd,concentration_nM
614,1,614,ACCGGAUGAGGUUCUAUUUCA,ACCGGAUGAGGUUCUAUUUCA,UGAAAUAGAACCUCAUCCGGU,MMFMFMFMFMFMFMFMFMFMF,MFMFMFMFMFMFMFMFMFMMM,10.07,89.93,0.27,2.0
673,2,673,UGGCGUCAUUCUCCAAAGAAG,UGGCGUCAUUCUCCAAAGAAG,CUUCUUUGGAGAAUGACGCCA,MMFMFMFMFMFMFMFMFMFMF,MFMFMFMFMFMFMFMFMFMMM,11.34,88.66,0.83,2.0
724,3,724,CCAGAUGCAACCCCUCUCCUU,CCAGAUGCAACCCCUCUCCUU,AAGGAGAGGGGUUGCAUCUGG,MMFMFMFMFMFMFMFMFMFMF,MFMFMFMFMFMFMFMFMFMMM,90.62,9.379999999999995,4.3,2.0
728,4,728,AUGCAACCCCUCUCCUUGAUG,AUGCAACCCCUCUCCUUGAUG,CAUCAAGGAGAGGGGUUGCAU,MMFMFMFMFMFMFMFMFMFMF,MFMFMFMFMFMFMFMFMFMMM,33.51,66.49000000000001,2.87,2.0
753,5,753,CUCACUGGAGUAUCUGUUUGC,CUCACUGGAGUAUCUGUUUGC,GCAAACAGAUACUCCAGUGAG,MMFMFMFMFMFMFMFMFMFMF,MFMFMFMFMFMFMFMFMFMMM,33.69,66.31,1.49,2.0
756,6,756,ACUGGAGUAUCUGUUUGCUCA,ACUGGAGUAUCUGUUUGCUCA,UGAGCAAACAGAUACUCCAGU,MMFMFMFMFMFMFMFMFMFMF,MFMFMFMFMFMFMFMFMFMMM,14.83,85.17,1.06,2.0
818,7,818,ACCCCAAGACCGAGCAGGAUG,ACCCCAAGACCGAGCAGGAUG,CAUCCUGCUCGGUCUUGGGGU,MMFMFMFMFMFMFMFMFMFMF,MFMFMFMFMFMFMFMFMFMMM,48.22,51.78,1.28,2.0
874,8,874,GUCCUGGCCAUCUCACACUAU,GUCCUGGCCAUCUCACACUAU,AUAGUGUGAGAUGGCCAGGAC,MMFMFMFMFMFMFMFMFMFMF,MFMFMFMFMFMFMFMFMFMMM,92.12,7.8799999999999955,1.11,2.0
875,9,875,UCCUGGCCAUCUCACACUAUG,UCCUGGCCAUCUCACACUAUG,CAUAGUGUGAGAUGGCCAGGA,MMFMFMFMFMFMFMFMFMFMF,MFMFMFMFMFMFMFMFMFMMM,95.26,4.739999999999995,2.41,2.0
876,10,876,CCUGGCCAUCUCACACUAUGC,CCUGGCCAUCUCACACUAUGC,GCAUAGUGUGAGAUGGCCAGG,MMFMFMFMFMFMFMFMFMFMF,MFMFMFMFMFMFMFMFMFMMM,38.62,61.38,1.73,2.0
877,11,877,CUGGCCAUCUCACACUAUGCC,CUGGCCAUCUCACACUAUGCC,GGCAUAGUGUGAGAUGGCCAG,MMFMFMFMFMFMFMFMFMFMF,MFMFMFMFMFMFMFMFMFMMM,103.61,0.0,3.67,2.0
878,12,878,UGGCCAUCUCACACUAUGCCA,UGGCCAUCUCACACUAUGCCA,UGGCAUAGUGUGAGAUGGCCA,MMFMFMFMFMFMFMFMFMFMF,MFMFMFMFMFMFMFMFMFMMM,72.24,27.760000000000005,0.81,2.0
883,13,883,AUCUCACACUAUGCCAUGAUG,AUCUCACACUAUGCCAUGAUG,CAUCAUGGCAUAGUGUGAGAU,MMFMFMFMFMFMFMFMFMFMF,MFMFMFMFMFMFMFMFMFMMM,17.21,82.78999999999999,1.26,2.0
884,14,884,UCUCACACUAUGCCAUGAUGA,UCUCACACUAUGCCAUGAUGA,UCAUCAUGGCAUAGUGUGAGA,MMFMFMFMFMFMFMFMFMFMF,MFMFMFMFMFMFMFMFMFMMM,57.88,42.12,2.77,2.0
1069,15,1069,AGCAGCGUGUCCACGCAUGAC,AGCAGCGUGUCCACGCAUGAC,GUCAUGCGUGGACACGCUGCU,MMFMFMFMFMFMFMFMFMFMF,MFMFMFMFMFMFMFMFMFMMM,82.22,17.78,4.38,2.0
1075,16,1075,GUGUCCACGCAUGACCUGAAG,GUGUCCACGCAUGACCUGAAG,CUUCAGGUCAUGCGUGGACAC,MMFMFMFMFMFMFMFMFMFMF,MFMFMFMFMFMFMFMFMFMMM,73.0,27.0,1.26,2.0
1085,17,1085,AUGACCUGAAGGUGAAAUACU,AUGACCUGAAGGUGAAAUACU,AGUAUUUCACCUUCAGGUCAU,MMFMFMFMFMFMFMFMFMFMF,MFMFMFMFMFMFMFMFMFMMM,53.17,46.83,1.0,2.0
1107,18,1107,GGCUACCUUGGAAACUUUGAC,GGCUACCUUGGAAACUUUGAC,GUCAAAGUUUCCAAGGUAGCC,MMFMFMFMFMFMFMFMFMFMF,MFMFMFMFMFMFMFMFMFMMM,11.85,88.15,0.27,2.0
1108,19,1108,GCUACCUUGGAAACUUUGACA,GCUACCUUGGAAACUUUGACA,UGUCAAAGUUUCCAAGGUAGC,MMFMFMFMFMFMFMFMFMFMF,MFMFMFMFMFMFMFMFMFMMM,10.99,89.01,0.56,2.0
1138,20,1138,GGUGCUGAAAUAUUUGAGACU,GGUGCUGAAAUAUUUGAGACU,AGUCUCAAAUAUUUCAGCACC,MMFMFMFMFMFMFMFMFMFMF,MFMFMFMFMFMFMFMFMFMMM,10.66,89.34,0.37,2.0
1182,21,1182,AAAUGAGAUGAAUUGGUUUCA,AAAUGAGAUGAAUUGGUUUCA,UGAAACCAAUUCAUCUCAUUU,MMFMFMFMFMFMFMFMFMFMF,MFMFMFMFMFMFMFMFMFMMM,9.68,90.32,1.1,2.0
1189,22,1189,AUGAAUUGGUUUCAUUCGAAU,AUGAAUUGGUUUCAUUCGAAU,AUUCGAAUGAAACCAAUUCAU,MMFMFMFMFMFMFMFMFMFMF,MFMFMFMFMFMFMFMFMFMMM,8.97,91.03,0.52,2.0
1190,23,1190,UGAAUUGGUUUCAUUCGAAUG,UGAAUUGGUUUCAUUCGAAUG,CAUUCGAAUGAAACCAAUUCA,MMFMFMFMFMFMFMFMFMFMF,MFMFMFMFMFMFMFMFMFMMM,9.89,90.11,0.4,2.0
1304,24,1304,AAAAAAAUAAACUGAAGCGGA,AAAAAAAUAAACUGAAGCGGA,UCCGCUUCAGUUUAUUUUUUU,MMFMFMFMFMFMFMFMFMFMF,MFMFMFMFMFMFMFMFMFMMM,12.0,88.0,0.85,2.0
1306,25,1306,AAAAAUAAACUGAAGCGGAAA,AAAAAUAAACUGAAGCGGAAA,UUUCCGCUUCAGUUUAUUUUU,MMFMFMFMFMFMFMFMFMFMF,MFMFMFMFMFMFMFMFMFMMM,19.02,80.98,3.08,2.0
1311,26,1311,UAAACUGAAGCGGAAAAAACU,UAAACUGAAGCGGAAAAAACU,AGUUUUUUCCGCUUCAGUUUA,MMFMFMFMFMFMFMFMFMFMF,MFMFMFMFMFMFMFMFMFMMM,21.76,78.24,0.55,2.0
1367,27,1367,AGAUCCGGGAAGAGUGGAACA,AGAUCCGGGAAGAGUGGAACA,UGUUCCACUCUUCCCGGAUCU,MMFMFMFMFMFMFMFMFMFMF,MFMFMFMFMFMFMFMFMFMMM,58.17,41.83,7.47,2.0
1368,28,1368,GAUCCGGGAAGAGUGGAACAA,GAUCCGGGAAGAGUGGAACAA,UUGUUCCACUCUUCCCGGAUC,MMFMFMFMFMFMFMFMFMFMF,MFMFMFMFMFMFMFMFMFMMM,27.79,72.21000000000001,1.98,2.0
1372,29,1372,CGGGAAGAGUGGAACAAUUUU,CGGGAAGAGUGGAACAAUUUU,AAAAUUGUUCCACUCUUCCCG,MMFMFMFMFMFMFMFMFMFMF,MFMFMFMFMFMFMFMFMFMMM,56.61,43.39,3.91,2.0
1412,30,1412,CUCACAUUGUAAUAAAGGAGU,CUCACAUUGUAAUAAAGGAGU,ACUCCUUUAUUACAAUGUGAG,MMFMFMFMFMFMFMFMFMFMF,MFMFMFMFMFMFMFMFMFMMM,12.42,87.58,2.18,2.0
1413,31,1413,UCACAUUGUAAUAAAGGAGUC,UCACAUUGUAAUAAAGGAGUC,GACUCCUUUAUUACAAUGUGA,MMFMFMFMFMFMFMFMFMFMF,MFMFMFMFMFMFMFMFMFMMM,21.02,78.98,1.07,2.0
1432,32,1432,UCUGUGGUCAGCAUUAACAAG,UCUGUGGUCAGCAUUAACAAG,CUUGUUAAUGCUGACCACAGA,MMFMFMFMFMFMFMFMFMFMF,MFMFMFMFMFMFMFMFMFMMM,41.34,58.66,3.11,2.0
1579,33,1579,CCCCCGUUGAUCGUCCACAAC,CCCCCGUUGAUCGUCCACAAC,GUUGUGGACGAUCAACGGGGG,MMFMFMFMFMFMFMFMFMFMF,MFMFMFMFMFMFMFMFMFMMM,80.48,19.519999999999996,11.59,2.0
1580,34,1580,CCCCGUUGAUCGUCCACAACA,CCCCGUUGAUCGUCCACAACA,UGUUGUGGACGAUCAACGGGG,MMFMFMFMFMFMFMFMFMFMF,MFMFMFMFMFMFMFMFMFMMM,88.07,11.930000000000007,9.15,2.0
1581,35,1581,CCCGUUGAUCGUCCACAACAU,CCCGUUGAUCGUCCACAACAU,AUGUUGUGGACGAUCAACGGG,MMFMFMFMFMFMFMFMFMFMF,MFMFMFMFMFMFMFMFMFMMM,11.28,88.72,0.72,2.0
1583,36,1583,CGUUGAUCGUCCACAACAUAC,CGUUGAUCGUCCACAACAUAC,GUAUGUUGUGGACGAUCAACG,MMFMFMFMFMFMFMFMFMFMF,MFMFMFMFMFMFMFMFMFMMM,85.58,14.420000000000002,4.89,2.0
1584,37,1584,GUUGAUCGUCCACAACAUACA,GUUGAUCGUCCACAACAUACA,UGUAUGUUGUGGACGAUCAAC,MMFMFMFMFMFMFMFMFMFMF,MFMFMFMFMFMFMFMFMFMMM,70.66,29.340000000000003,5.29,2.0
1586,38,1586,UGAUCGUCCACAACAUACAGA,UGAUCGUCCACAACAUACAGA,UCUGUAUGUUGUGGACGAUCA,MMFMFMFMFMFMFMFMFMFMF,MFMFMFMFMFMFMFMFMFMMM,99.92,0.0799999999999983,8.21,2.0
1587,39,1587,GAUCGUCCACAACAUACAGAA,GAUCGUCCACAACAUACAGAA,UUCUGUAUGUUGUGGACGAUC,MMFMFMFMFMFMFMFMFMFMF,MFMFMFMFMFMFMFMFMFMMM,51.68,48.32,3.72,2.0
1588,40,1588,AUCGUCCACAACAUACAGAAU,AUCGUCCACAACAUACAGAAU,AUUCUGUAUGUUGUGGACGAU,MMFMFMFMFMFMFMFMFMFMF,MFMFMFMFMFMFMFMFMFMMM,41.4,58.6,3.63,2.0
1595,41,1595,ACAACAUACAGAAUGGCUGUC,ACAACAUACAGAAUGGCUGUC,GACAGCCAUUCUGUAUGUUGU,MMFMFMFMFMFMFMFMFMFMF,MFMFMFMFMFMFMFMFMFMMM,99.32,0.6800000000000068,2.59,2.0
1596,42,1596,CAACAUACAGAAUGGCUGUCA,CAACAUACAGAAUGGCUGUCA,UGACAGCCAUUCUGUAUGUUG,MMFMFMFMFMFMFMFMFMFMF,MFMFMFMFMFMFMFMFMFMMM,49.38,50.62,1.67,2.0
1601,43,1601,UACAGAAUGGCUGUCAUGGUC,UACAGAAUGGCUGUCAUGGUC,GACCAUGACAGCCAUUCUGUA,MMFMFMFMFMFMFMFMFMFMF,MFMFMFMFMFMFMFMFMFMMM,34.9,65.1,2.2,2.0
1602,44,1602,ACAGAAUGGCUGUCAUGGUCC,ACAGAAUGGCUGUCAUGGUCC,GGACCAUGACAGCCAUUCUGU,MMFMFMFMFMFMFMFMFMFMF,MFMFMFMFMFMFMFMFMFMMM,27.45,72.55,3.14,2.0
1603,45,1603,CAGAAUGGCUGUCAUGGUCCA,CAGAAUGGCUGUCAUGGUCCA,UGGACCAUGACAGCCAUUCUG,MMFMFMFMFMFMFMFMFMFMF,MFMFMFMFMFMFMFMFMFMMM,76.46,23.540000000000006,3.44,2.0
1608,46,1608,UGGCUGUCAUGGUCCAAUCUG,UGGCUGUCAUGGUCCAAUCUG,CAGAUUGGACCAUGACAGCCA,MMFMFMFMFMFMFMFMFMFMF,MFMFMFMFMFMFMFMFMFMMM,89.62,10.379999999999995,4.38,2.0
1609,47,1609,GGCUGUCAUGGUCCAAUCUGU,GGCUGUCAUGGUCCAAUCUGU,ACAGAUUGGACCAUGACAGCC,MMFMFMFMFMFMFMFMFMFMF,MFMFMFMFMFMFMFMFMFMMM,10.72,89.28,0.71,2.0
1611,48,1611,CUGUCAUGGUCCAAUCUGUAC,CUGUCAUGGUCCAAUCUGUAC,GUACAGAUUGGACCAUGACAG,MMFMFMFMFMFMFMFMFMFMF,MFMFMFMFMFMFMFMFMFMMM,81.69,18.310000000000002,6.35,2.0
1640,49,1640,CCAUCAAUAAAUUGCGGCAAG,CCAUCAAUAAAUUGCGGCAAG,CUUGCCGCAAUUUAUUGAUGG,MMFMFMFMFMFMFMFMFMFMF,MFMFMFMFMFMFMFMFMFMMM,46.28,53.72,2.66,2.0
1642,50,1642,AUCAAUAAAUUGCGGCAAGAA,AUCAAUAAAUUGCGGCAAGAA,UUCUUGCCGCAAUUUAUUGAU,MMFMFMFMFMFMFMFMFMFMF,MFMFMFMFMFMFMFMFMFMMM,36.37,63.63,2.0,2.0
1671,51,1671,GGAGGGGAUGUACGUGCUGAG,GGAGGGGAUGUACGUGCUGAG,CUCAGCACGUACAUCCCCUCC,MMFMFMFMFMFMFMFMFMFMF,MFMFMFMFMFMFMFMFMFMMM,14.03,85.97,0.42,2.0
1672,52,1672,GAGGGGAUGUACGUGCUGAGG,GAGGGGAUGUACGUGCUGAGG,CCUCAGCACGUACAUCCCCUC,MMFMFMFMFMFMFMFMFMFMF,MFMFMFMFMFMFMFMFMFMMM,63.81,36.19,2.35,2.0
1673,53,1673,AGGGGAUGUACGUGCUGAGGU,AGGGGAUGUACGUGCUGAGGU,ACCUCAGCACGUACAUCCCCU,MMFMFMFMFMFMFMFMFMFMF,MFMFMFMFMFMFMFMFMFMMM,93.02,6.980000000000004,5.15,2.0
1674,54,1674,GGGGAUGUACGUGCUGAGGUG,GGGGAUGUACGUGCUGAGGUG,CACCUCAGCACGUACAUCCCC,MMFMFMFMFMFMFMFMFMFMF,MFMFMFMFMFMFMFMFMFMMM,23.83,76.17,7.12,2.0
1677,55,1677,GAUGUACGUGCUGAGGUGGAG,GAUGUACGUGCUGAGGUGGAG,CUCCACCUCAGCACGUACAUC,MMFMFMFMFMFMFMFMFMFMF,MFMFMFMFMFMFMFMFMFMMM,16.97,83.03,0.56,2.0
1678,56,1678,AUGUACGUGCUGAGGUGGAGC,AUGUACGUGCUGAGGUGGAGC,GCUCCACCUCAGCACGUACAU,MMFMFMFMFMFMFMFMFMFMF,MFMFMFMFMFMFMFMFMFMMM,17.19,82.81,2.52,2.0
1690,57,1690,AGGUGGAGCUGCACCGACUUU,AGGUGGAGCUGCACCGACUUU,AAAGUCGGUGCAGCUCCACCU,MMFMFMFMFMFMFMFMFMFMF,MFMFMFMFMFMFMFMFMFMMM,96.83,3.1700000000000017,5.52,2.0
1692,58,1692,GUGGAGCUGCACCGACUUUGA,GUGGAGCUGCACCGACUUUGA,UCAAAGUCGGUGCAGCUCCAC,MMFMFMFMFMFMFMFMFMFMF,MFMFMFMFMFMFMFMFMFMMM,13.03,86.97,1.03,2.0
1698,59,1698,CUGCACCGACUUUGACAACAU,CUGCACCGACUUUGACAACAU,AUGUUGUCAAAGUCGGUGCAG,MMFMFMFMFMFMFMFMFMFMF,MFMFMFMFMFMFMFMFMFMMM,11.5,88.5,2.09,2.0
1699,60,1699,UGCACCGACUUUGACAACAUC,UGCACCGACUUUGACAACAUC,GAUGUUGUCAAAGUCGGUGCA,MMFMFMFMFMFMFMFMFMFMF,MFMFMFMFMFMFMFMFMFMMM,23.08,76.92,1.21,2.0
1723,61,1723,AUGACCGUCACCUGCUUUGAG,AUGACCGUCACCUGCUUUGAG,CUCAAAGCAGGUGACGGUCAU,MMFMFMFMFMFMFMFMFMFMF,MFMFMFMFMFMFMFMFMFMMM,81.74,18.260000000000005,2.43,2.0
1769,62,1769,AGAAGCAGUUCAAGAACUUUC,AGAAGCAGUUCAAGAACUUUC,GAAAGUUCUUGAACUGCUUCU,MMFMFMFMFMFMFMFMFMFMF,MFMFMFMFMFMFMFMFMFMMM,26.87,73.13,1.48,2.0
1770,63,1770,GAAGCAGUUCAAGAACUUUCA,GAAGCAGUUCAAGAACUUUCA,UGAAAGUUCUUGAACUGCUUC,MMFMFMFMFMFMFMFMFMFMF,MFMFMFMFMFMFMFMFMFMMM,8.29,91.71000000000001,0.87,2.0
1780,64,1780,AAGAACUUUCAGAUCGAGGUG,AAGAACUUUCAGAUCGAGGUG,CACCUCGAUCUGAAAGUUCUU,MMFMFMFMFMFMFMFMFMFMF,MFMFMFMFMFMFMFMFMFMMM,25.38,74.62,1.31,2.0
1798,65,1798,GUGCAGAAGGGCCGCUACAGU,GUGCAGAAGGGCCGCUACAGU,ACUGUAGCGGCCCUUCUGCAC,MMFMFMFMFMFMFMFMFMFMF,MFMFMFMFMFMFMFMFMFMMM,48.37,51.63,3.08,2.0
1876,66,1876,AAGCAGAUCCUGCGCACGGAU,AAGCAGAUCCUGCGCACGGAU,AUCCGUGCGCAGGAUCUGCUU,MMFMFMFMFMFMFMFMFMFMF,MFMFMFMFMFMFMFMFMFMMM,21.73,78.27,9.73,2.0
1927,67,1927,CAGCCCAAGCCCCGAGAAAUC,CAGCCCAAGCCCCGAGAAAUC,GAUUUCUCGGGGCUUGGGCUG,MMFMFMFMFMFMFMFMFMFMF,MFMFMFMFMFMFMFMFMFMMM,45.0,55.0,4.11,2.0
1928,68,1928,AGCCCAAGCCCCGAGAAAUCU,AGCCCAAGCCCCGAGAAAUCU,AGAUUUCUCGGGGCUUGGGCU,MMFMFMFMFMFMFMFMFMFMF,MFMFMFMFMFMFMFMFMFMMM,81.5,18.5,4.78,2.0
1929,69,1929,GCCCAAGCCCCGAGAAAUCUC,GCCCAAGCCCCGAGAAAUCUC,GAGAUUUCUCGGGGCUUGGGC,MMFMFMFMFMFMFMFMFMFMF,MFMFMFMFMFMFMFMFMFMMM,67.82,32.18000000000001,2.73,2.0
1936,70,1936,CCCCGAGAAAUCUCCAACCUG,CCCCGAGAAAUCUCCAACCUG,CAGGUUGGAGAUUUCUCGGGG,MMFMFMFMFMFMFMFMFMFMF,MFMFMFMFMFMFMFMFMFMMM,13.23,86.77,1.19,2.0
1952,71,1952,ACCUGCUGGUGGCUACUAAGA,ACCUGCUGGUGGCUACUAAGA,UCUUAGUAGCCACCAGCAGGU,MMFMFMFMFMFMFMFMFMFMF,MFMFMFMFMFMFMFMFMFMMM,89.0,11.0,4.38,2.0
1954,72,1954,CUGCUGGUGGCUACUAAGAAA,CUGCUGGUGGCUACUAAGAAA,UUUCUUAGUAGCCACCAGCAG,MMFMFMFMFMFMFMFMFMFMF,MFMFMFMFMFMFMFMFMFMMM,10.42,89.58,1.58,2.0
1956,73,1956,GCUGGUGGCUACUAAGAAAGC,GCUGGUGGCUACUAAGAAAGC,GCUUUCUUAGUAGCCACCAGC,MMFMFMFMFMFMFMFMFMFMF,MFMFMFMFMFMFMFMFMFMMM,76.18,23.819999999999993,2.52,2.0
1958,74,1958,UGGUGGCUACUAAGAAAGCCC,UGGUGGCUACUAAGAAAGCCC,GGGCUUUCUUAGUAGCCACCA,MMFMFMFMFMFMFMFMFMFMF,MFMFMFMFMFMFMFMFMFMMM,27.2,72.8,1.65,2.0
1978,75,1978,CAGGAGUGGCAGCCCGUCUAC,CAGGAGUGGCAGCCCGUCUAC,GUAGACGGGCUGCCACUCCUG,MMFMFMFMFMFMFMFMFMFMF,MFMFMFMFMFMFMFMFMFMMM,91.17,8.829999999999998,7.46,2.0
2066,76,2066,GAGGCACGAGAACACACAUCU,GAGGCACGAGAACACACAUCU,AGAUGUGUGUUCUCGUGCCUC,MMFMFMFMFMFMFMFMFMFMF,MFMFMFMFMFMFMFMFMFMMM,17.74,82.26,10.01,2.0
2068,77,2068,GGCACGAGAACACACAUCUAU,GGCACGAGAACACACAUCUAU,AUAGAUGUGUGUUCUCGUGCC,MMFMFMFMFMFMFMFMFMFMF,MFMFMFMFMFMFMFMFMFMMM,61.65,38.35,10.27,2.0
2102,78,2102,UGGAUUACAAGGAUGACGAAG,UGGAUUACAAGGAUGACGAAG,CUUCGUCAUCCUUGUAAUCCA,MMFMFMFMFMFMFMFMFMFMF,MFMFMFMFMFMFMFMFMFMMM,72.37,27.629999999999995,1.28,2.0
2111,79,2111,AGGAUGACGAAGGAACUUCUG,AGGAUGACGAAGGAACUUCUG,CAGAAGUUCCUUCGUCAUCCU,MMFMFMFMFMFMFMFMFMFMF,MFMFMFMFMFMFMFMFMFMMM,58.1,41.9,4.81,2.0
2138,80,2138,AGAAGAUAAAAGUGAUCCUCA,AGAAGAUAAAAGUGAUCCUCA,UGAGGAUCACUUUUAUCUUCU,MMFMFMFMFMFMFMFMFMFMF,MFMFMFMFMFMFMFMFMFMMM,23.98,76.02,2.34,2.0
2146,81,2146,AAAGUGAUCCUCAAAGUCUUA,AAAGUGAUCCUCAAAGUCUUA,UAAGACUUUGAGGAUCACUUU,MMFMFMFMFMFMFMFMFMFMF,MFMFMFMFMFMFMFMFMFMMM,13.7,86.3,1.05,2.0
2148,82,2148,AGUGAUCCUCAAAGUCUUAGA,AGUGAUCCUCAAAGUCUUAGA,UCUAAGACUUUGAGGAUCACU,MMFMFMFMFMFMFMFMFMFMF,MFMFMFMFMFMFMFMFMFMMM,19.93,80.07,0.93,2.0
2205,83,2205,GGCAGCCAGCAUGAUGAGACA,GGCAGCCAGCAUGAUGAGACA,UGUCUCAUCAUGCUGGCUGCC,MMFMFMFMFMFMFMFMFMFMF,MFMFMFMFMFMFMFMFMFMMM,13.65,86.35,3.16,2.0
2206,84,2206,GCAGCCAGCAUGAUGAGACAG,GCAGCCAGCAUGAUGAGACAG,CUGUCUCAUCAUGCUGGCUGC,MMFMFMFMFMFMFMFMFMFMF,MFMFMFMFMFMFMFMFMFMMM,84.55,15.450000000000003,3.63,2.0
2218,85,2218,AUGAGACAGGUCUCCCACAAA,AUGAGACAGGUCUCCCACAAA,UUUGUGGGAGACCUGUCUCAU,MMFMFMFMFMFMFMFMFMFMF,MFMFMFMFMFMFMFMFMFMMM,15.51,84.49,1.1,2.0
2229,86,2229,CUCCCACAAACACAUCGUGUA,CUCCCACAAACACAUCGUGUA,UACACGAUGUGUUUGUGGGAG,MMFMFMFMFMFMFMFMFMFMF,MFMFMFMFMFMFMFMFMFMMM,37.81,62.19,2.85,2.0
2230,87,2230,UCCCACAAACACAUCGUGUAC,UCCCACAAACACAUCGUGUAC,GUACACGAUGUGUUUGUGGGA,MMFMFMFMFMFMFMFMFMFMF,MFMFMFMFMFMFMFMFMFMMM,18.21,81.78999999999999,1.51,2.0
2237,88,2237,AACACAUCGUGUACCUCUAUG,AACACAUCGUGUACCUCUAUG,CAUAGAGGUACACGAUGUGUU,MMFMFMFMFMFMFMFMFMFMF,MFMFMFMFMFMFMFMFMFMMM,74.31,25.689999999999998,7.92,2.0
2238,89,2238,ACACAUCGUGUACCUCUAUGG,ACACAUCGUGUACCUCUAUGG,CCAUAGAGGUACACGAUGUGU,MMFMFMFMFMFMFMFMFMFMF,MFMFMFMFMFMFMFMFMFMMM,27.08,72.92,3.55,2.0
2239,90,2239,CACAUCGUGUACCUCUAUGGC,CACAUCGUGUACCUCUAUGGC,GCCAUAGAGGUACACGAUGUG,MMFMFMFMFMFMFMFMFMFMF,MFMFMFMFMFMFMFMFMFMMM,88.42,11.579999999999998,8.6,2.0
2269,91,2269,CGCGACGUGGAGAAUAUCAUG,CGCGACGUGGAGAAUAUCAUG,CAUGAUAUUCUCCACGUCGCG,MMFMFMFMFMFMFMFMFMFMF,MFMFMFMFMFMFMFMFMFMMM,13.6,86.4,1.51,2.0
2308,92,2308,GGGGGUCCUCUGGAUCUCUUC,GGGGGUCCUCUGGAUCUCUUC,GAAGAGAUCCAGAGGACCCCC,MMFMFMFMFMFMFMFMFMFMF,MFMFMFMFMFMFMFMFMFMMM,91.99,8.010000000000005,8.11,2.0
2317,93,2317,CUGGAUCUCUUCAUGCACCGG,CUGGAUCUCUUCAUGCACCGG,CCGGUGCAUGAAGAGAUCCAG,MMFMFMFMFMFMFMFMFMFMF,MFMFMFMFMFMFMFMFMFMMM,89.92,10.079999999999998,4.92,2.0
2318,94,2318,UGGAUCUCUUCAUGCACCGGA,UGGAUCUCUUCAUGCACCGGA,UCCGGUGCAUGAAGAGAUCCA,MMFMFMFMFMFMFMFMFMFMF,MFMFMFMFMFMFMFMFMFMMM,87.73,12.269999999999996,7.56,2.0
2319,95,2319,GGAUCUCUUCAUGCACCGGAA,GGAUCUCUUCAUGCACCGGAA,UUCCGGUGCAUGAAGAGAUCC,MMFMFMFMFMFMFMFMFMFMF,MFMFMFMFMFMFMFMFMFMMM,13.89,86.11,1.21,2.0
2320,96,2320,GAUCUCUUCAUGCACCGGAAA,GAUCUCUUCAUGCACCGGAAA,UUUCCGGUGCAUGAAGAGAUC,MMFMFMFMFMFMFMFMFMFMF,MFMFMFMFMFMFMFMFMFMMM,95.53,4.469999999999999,4.34,2.0
2321,97,2321,AUCUCUUCAUGCACCGGAAAA,AUCUCUUCAUGCACCGGAAAA,UUUUCCGGUGCAUGAAGAGAU,MMFMFMFMFMFMFMFMFMFMF,MFMFMFMFMFMFMFMFMFMMM,101.79,0.0,4.03,2.0
2322,98,2322,UCUCUUCAUGCACCGGAAAAG,UCUCUUCAUGCACCGGAAAAG,CUUUUCCGGUGCAUGAAGAGA,MMFMFMFMFMFMFMFMFMFMF,MFMFMFMFMFMFMFMFMFMMM,69.11,30.89,2.32,2.0
2323,99,2323,CUCUUCAUGCACCGGAAAAGC,CUCUUCAUGCACCGGAAAAGC,GCUUUUCCGGUGCAUGAAGAG,MMFMFMFMFMFMFMFMFMFMF,MFMFMFMFMFMFMFMFMFMMM,75.49,24.510000000000005,2.47,2.0
2520,100,2520,CCCCAUUACGGUGCUGUCUAG,CCCCAUUACGGUGCUGUCUAG,CUAGACAGCACCGUAAUGGGG,MMFMFMFMFMFMFMFMFMFMF,MFMFMFMFMFMFMFMFMFMMM,24.73,75.27,3.69,2.0
2527,101,2527,ACGGUGCUGUCUAGGCAAGAA,ACGGUGCUGUCUAGGCAAGAA,UUCUUGCCUAGACAGCACCGU,MMFMFMFMFMFMFMFMFMFMF,MFMFMFMFMFMFMFMFMFMMM,14.16,85.84,0.41,2.0
2647,102,2647,GAAAUCUGCUACAAUGGCGAG,GAAAUCUGCUACAAUGGCGAG,CUCGCCAUUGUAGCAGAUUUC,MMFMFMFMFMFMFMFMFMFMF,MFMFMFMFMFMFMFMFMFMMM,84.43,15.569999999999993,1.81,2.0
2761,103,2761,CUCAUGACCCGCUGCAUGAAC,CUCAUGACCCGCUGCAUGAAC,GUUCAUGCAGCGGGUCAUGAG,MMFMFMFMFMFMFMFMFMFMF,MFMFMFMFMFMFMFMFMFMMM,82.57,17.430000000000007,2.4,2.0
2762,104,2762,UCAUGACCCGCUGCAUGAACU,UCAUGACCCGCUGCAUGAACU,AGUUCAUGCAGCGGGUCAUGA,MMFMFMFMFMFMFMFMFMFMF,MFMFMFMFMFMFMFMFMFMMM,15.23,84.77,4.46,2.0
2763,105,2763,CAUGACCCGCUGCAUGAACUA,CAUGACCCGCUGCAUGAACUA,UAGUUCAUGCAGCGGGUCAUG,MMFMFMFMFMFMFMFMFMFMF,MFMFMFMFMFMFMFMFMFMMM,69.99,30.010000000000005,8.59,2.0
2764,106,2764,AUGACCCGCUGCAUGAACUAU,AUGACCCGCUGCAUGAACUAU,AUAGUUCAUGCAGCGGGUCAU,MMFMFMFMFMFMFMFMFMFMF,MFMFMFMFMFMFMFMFMFMMM,68.6,31.400000000000006,2.77,2.0
2811,107,2811,AGCCAUCAUGAGAGACAUUAA,AGCCAUCAUGAGAGACAUUAA,UUAAUGUCUCUCAUGAUGGCU,MMFMFMFMFMFMFMFMFMFMF,MFMFMFMFMFMFMFMFMFMMM,10.78,89.22,0.6,2.0
2962,108,2962,GAGCUCUGCAGGUAUGACCCC,GAGCUCUGCAGGUAUGACCCC,GGGGUCAUACCUGCAGAGCUC,MMFMFMFMFMFMFMFMFMFMF,MFMFMFMFMFMFMFMFMFMMM,81.74,18.260000000000005,4.58,2.0
2975,109,2975,AUGACCCCGAAGGGGACAAUA,AUGACCCCGAAGGGGACAAUA,UAUUGUCCCCUUCGGGGUCAU,MMFMFMFMFMFMFMFMFMFMF,MFMFMFMFMFMFMFMFMFMMM,86.94,13.060000000000002,4.88,2.0
2977,110,2977,GACCCCGAAGGGGACAAUACA,GACCCCGAAGGGGACAAUACA,UGUAUUGUCCCCUUCGGGGUC,MMFMFMFMFMFMFMFMFMFMF,MFMFMFMFMFMFMFMFMFMMM,87.23,12.769999999999996,4.19,2.0
3028,111,3028,CCUGAGAGUGGAGGUAACCAC,CCUGAGAGUGGAGGUAACCAC,GUGGUUACCUCCACUCUCAGG,MMFMFMFMFMFMFMFMFMFMF,MFMFMFMFMFMFMFMFMFMMM,42.03,57.97,2.36,2.0
3032,112,3032,AGAGUGGAGGUAACCACAUAG,AGAGUGGAGGUAACCACAUAG,CUAUGUGGUUACCUCCACUCU,MMFMFMFMFMFMFMFMFMFMF,MFMFMFMFMFMFMFMFMFMMM,20.03,79.97,1.64,2.0
3081,113,3081,AAGGAACCUCUAUCAUGAGAA,AAGGAACCUCUAUCAUGAGAA,UUCUCAUGAUAGAGGUUCCUU,MMFMFMFMFMFMFMFMFMFMF,MFMFMFMFMFMFMFMFMFMMM,14.74,85.26,2.02,2.0
3131,114,3131,AAGACGGAGGAAAUGGUAUUA,AAGACGGAGGAAAUGGUAUUA,UAAUACCAUUUCCUCCGUCUU,MMFMFMFMFMFMFMFMFMFMF,MFMFMFMFMFMFMFMFMFMMM,8.61,91.39,0.94,2.0
3134,115,3134,ACGGAGGAAAUGGUAUUAAGC,ACGGAGGAAAUGGUAUUAAGC,GCUUAAUACCAUUUCCUCCGU,MMFMFMFMFMFMFMFMFMFMF,MFMFMFMFMFMFMFMFMFMMM,11.92,88.08,0.99,2.0
3141,116,3141,AAAUGGUAUUAAGCUCAUCAU,AAAUGGUAUUAAGCUCAUCAU,AUGAUGAGCUUAAUACCAUUU,MMFMFMFMFMFMFMFMFMFMF,MFMFMFMFMFMFMFMFMFMMM,11.91,88.09,3.58,2.0
3144,117,3144,UGGUAUUAAGCUCAUCAUGGA,UGGUAUUAAGCUCAUCAUGGA,UCCAUGAUGAGCUUAAUACCA,MMFMFMFMFMFMFMFMFMFMF,MFMFMFMFMFMFMFMFMFMMM,18.52,81.48,0.49,2.0
3146,118,3146,GUAUUAAGCUCAUCAUGGAAU,GUAUUAAGCUCAUCAUGGAAU,AUUCCAUGAUGAGCUUAAUAC,MMFMFMFMFMFMFMFMFMFMF,MFMFMFMFMFMFMFMFMFMMM,28.73,71.27,1.86,2.0
3147,119,3147,UAUUAAGCUCAUCAUGGAAUU,UAUUAAGCUCAUCAUGGAAUU,AAUUCCAUGAUGAGCUUAAUA,MMFMFMFMFMFMFMFMFMFMF,MFMFMFMFMFMFMFMFMFMMM,23.0,77.0,6.75,2.0
3159,120,3159,CAUGGAAUUUCUGCCUUCGGG,CAUGGAAUUUCUGCCUUCGGG,CCCGAAGGCAGAAAUUCCAUG,MMFMFMFMFMFMFMFMFMFMF,MFMFMFMFMFMFMFMFMFMMM,37.56,62.44,0.94,2.0
3160,121,3160,AUGGAAUUUCUGCCUUCGGGA,AUGGAAUUUCUGCCUUCGGGA,UCCCGAAGGCAGAAAUUCCAU,MMFMFMFMFMFMFMFMFMFMF,MFMFMFMFMFMFMFMFMFMMM,12.28,87.72,0.52,2.0
3229,122,3229,CAGCAGCUAAAAUAUGCCGUU,CAGCAGCUAAAAUAUGCCGUU,AACGGCAUAUUUUAGCUGCUG,MMFMFMFMFMFMFMFMFMFMF,MFMFMFMFMFMFMFMFMFMMM,17.96,82.03999999999999,1.03,2.0
3247,123,3247,GUUCAGAUUUGUAAGGGGAUG,GUUCAGAUUUGUAAGGGGAUG,CAUCCCCUUACAAAUCUGAAC,MMFMFMFMFMFMFMFMFMFMF,MFMFMFMFMFMFMFMFMFMMM,15.97,84.03,0.89,2.0
3250,124,3250,CAGAUUUGUAAGGGGAUGGAC,CAGAUUUGUAAGGGGAUGGAC,GUCCAUCCCCUUACAAAUCUG,MMFMFMFMFMFMFMFMFMFMF,MFMFMFMFMFMFMFMFMFMMM,37.09,62.91,2.72,2.0
3251,125,3251,AGAUUUGUAAGGGGAUGGACU,AGAUUUGUAAGGGGAUGGACU,AGUCCAUCCCCUUACAAAUCU,MMFMFMFMFMFMFMFMFMFMF,MFMFMFMFMFMFMFMFMFMMM,71.24,28.760000000000005,6.83,2.0
3252,126,3252,GAUUUGUAAGGGGAUGGACUA,GAUUUGUAAGGGGAUGGACUA,UAGUCCAUCCCCUUACAAAUC,MMFMFMFMFMFMFMFMFMFMF,MFMFMFMFMFMFMFMFMFMMM,60.86,39.14,3.34,2.0
3254,127,3254,UUUGUAAGGGGAUGGACUAUU,UUUGUAAGGGGAUGGACUAUU,AAUAGUCCAUCCCCUUACAAA,MMFMFMFMFMFMFMFMFMFMF,MFMFMFMFMFMFMFMFMFMMM,73.99,26.010000000000005,3.47,2.0
3255,128,3255,UUGUAAGGGGAUGGACUAUUU,UUGUAAGGGGAUGGACUAUUU,AAAUAGUCCAUCCCCUUACAA,MMFMFMFMFMFMFMFMFMFMF,MFMFMFMFMFMFMFMFMFMMM,14.0,86.0,0.11,2.0
3258,129,3258,UAAGGGGAUGGACUAUUUGGG,UAAGGGGAUGGACUAUUUGGG,CCCAAAUAGUCCAUCCCCUUA,MMFMFMFMFMFMFMFMFMFMF,MFMFMFMFMFMFMFMFMFMMM,17.73,82.27,0.98,2.0
3259,130,3259,AAGGGGAUGGACUAUUUGGGU,AAGGGGAUGGACUAUUUGGGU,ACCCAAAUAGUCCAUCCCCUU,MMFMFMFMFMFMFMFMFMFMF,MFMFMFMFMFMFMFMFMFMMM,11.21,88.78999999999999,1.32,2.0
3260,131,3260,AGGGGAUGGACUAUUUGGGUU,AGGGGAUGGACUAUUUGGGUU,AACCCAAAUAGUCCAUCCCCU,MMFMFMFMFMFMFMFMFMFMF,MFMFMFMFMFMFMFMFMFMMM,24.2,75.8,1.38,2.0
3261,132,3261,GGGGAUGGACUAUUUGGGUUC,GGGGAUGGACUAUUUGGGUUC,GAACCCAAAUAGUCCAUCCCC,MMFMFMFMFMFMFMFMFMFMF,MFMFMFMFMFMFMFMFMFMMM,28.26,71.74,2.07,2.0
3265,133,3265,AUGGACUAUUUGGGUUCUCGG,AUGGACUAUUUGGGUUCUCGG,CCGAGAACCCAAAUAGUCCAU,MMFMFMFMFMFMFMFMFMFMF,MFMFMFMFMFMFMFMFMFMMM,11.93,88.07,0.4,2.0
3268,134,3268,GACUAUUUGGGUUCUCGGCAA,GACUAUUUGGGUUCUCGGCAA,UUGCCGAGAACCCAAAUAGUC,MMFMFMFMFMFMFMFMFMFMF,MFMFMFMFMFMFMFMFMFMMM,14.17,85.83,0.93,2.0
3272,135,3272,AUUUGGGUUCUCGGCAAUACG,AUUUGGGUUCUCGGCAAUACG,CGUAUUGCCGAGAACCCAAAU,MMFMFMFMFMFMFMFMFMFMF,MFMFMFMFMFMFMFMFMFMMM,14.52,85.48,0.37,2.0
3275,136,3275,UGGGUUCUCGGCAAUACGUUC,UGGGUUCUCGGCAAUACGUUC,GAACGUAUUGCCGAGAACCCA,MMFMFMFMFMFMFMFMFMFMF,MFMFMFMFMFMFMFMFMFMMM,21.69,78.31,3.69,2.0
3276,137,3276,GGGUUCUCGGCAAUACGUUCA,GGGUUCUCGGCAAUACGUUCA,UGAACGUAUUGCCGAGAACCC,MMFMFMFMFMFMFMFMFMFMF,MFMFMFMFMFMFMFMFMFMMM,86.52,13.480000000000004,3.02,2.0
3278,138,3278,GUUCUCGGCAAUACGUUCACC,GUUCUCGGCAAUACGUUCACC,GGUGAACGUAUUGCCGAGAAC,MMFMFMFMFMFMFMFMFMFMF,MFMFMFMFMFMFMFMFMFMMM,14.4,85.6,1.3,2.0
3279,139,3279,UUCUCGGCAAUACGUUCACCG,UUCUCGGCAAUACGUUCACCG,CGGUGAACGUAUUGCCGAGAA,MMFMFMFMFMFMFMFMFMFMF,MFMFMFMFMFMFMFMFMFMMM,76.09,23.909999999999997,3.56,2.0
3281,140,3281,CUCGGCAAUACGUUCACCGGG,CUCGGCAAUACGUUCACCGGG,CCCGGUGAACGUAUUGCCGAG,MMFMFMFMFMFMFMFMFMFMF,MFMFMFMFMFMFMFMFMFMMM,89.83,10.170000000000002,3.3,2.0
3282,141,3282,UCGGCAAUACGUUCACCGGGA,UCGGCAAUACGUUCACCGGGA,UCCCGGUGAACGUAUUGCCGA,MMFMFMFMFMFMFMFMFMFMF,MFMFMFMFMFMFMFMFMFMMM,71.03,28.97,2.54,2.0
3283,142,3283,CGGCAAUACGUUCACCGGGAC,CGGCAAUACGUUCACCGGGAC,GUCCCGGUGAACGUAUUGCCG,MMFMFMFMFMFMFMFMFMFMF,MFMFMFMFMFMFMFMFMFMMM,52.87,47.13,1.33,2.0
3284,143,3284,GGCAAUACGUUCACCGGGACU,GGCAAUACGUUCACCGGGACU,AGUCCCGGUGAACGUAUUGCC,MMFMFMFMFMFMFMFMFMFMF,MFMFMFMFMFMFMFMFMFMMM,92.03,7.969999999999999,6.06,2.0
3285,144,3285,GCAAUACGUUCACCGGGACUU,GCAAUACGUUCACCGGGACUU,AAGUCCCGGUGAACGUAUUGC,MMFMFMFMFMFMFMFMFMFMF,MFMFMFMFMFMFMFMFMFMMM,93.43,6.569999999999993,5.11,2.0
3286,145,3286,CAAUACGUUCACCGGGACUUG,CAAUACGUUCACCGGGACUUG,CAAGUCCCGGUGAACGUAUUG,MMFMFMFMFMFMFMFMFMFMF,MFMFMFMFMFMFMFMFMFMMM,70.49,29.510000000000005,8.43,2.0
3313,146,3313,AGAAAUGUCCUUGUUGAGAGU,AGAAAUGUCCUUGUUGAGAGU,ACUCUCAACAAGGACAUUUCU,MMFMFMFMFMFMFMFMFMFMF,MFMFMFMFMFMFMFMFMFMMM,18.41,81.59,0.64,2.0
3314,147,3314,GAAAUGUCCUUGUUGAGAGUG,GAAAUGUCCUUGUUGAGAGUG,CACUCUCAACAAGGACAUUUC,MMFMFMFMFMFMFMFMFMFMF,MFMFMFMFMFMFMFMFMFMMM,91.14,8.86,5.65,2.0
3323,148,3323,UUGUUGAGAGUGAACACCAAG,UUGUUGAGAGUGAACACCAAG,CUUGGUGUUCACUCUCAACAA,MMFMFMFMFMFMFMFMFMFMF,MFMFMFMFMFMFMFMFMFMMM,18.86,81.14,0.79,2.0
3353,149,3353,GAGACUUCGGUUUAACCAAAG,GAGACUUCGGUUUAACCAAAG,CUUUGGUUAAACCGAAGUCUC,MMFMFMFMFMFMFMFMFMFMF,MFMFMFMFMFMFMFMFMFMMM,19.5,80.5,1.46,2.0
3365,150,3365,UAACCAAAGCAAUUGAAACCG,UAACCAAAGCAAUUGAAACCG,CGGUUUCAAUUGCUUUGGUUA,MMFMFMFMFMFMFMFMFMFMF,MFMFMFMFMFMFMFMFMFMMM,18.47,81.53,2.41,2.0
3367,151,3367,ACCAAAGCAAUUGAAACCGAU,ACCAAAGCAAUUGAAACCGAU,AUCGGUUUCAAUUGCUUUGGU,MMFMFMFMFMFMFMFMFMFMF,MFMFMFMFMFMFMFMFMFMMM,19.8,80.2,1.06,2.0
3368,152,3368,CCAAAGCAAUUGAAACCGAUA,CCAAAGCAAUUGAAACCGAUA,UAUCGGUUUCAAUUGCUUUGG,MMFMFMFMFMFMFMFMFMFMF,MFMFMFMFMFMFMFMFMFMMM,13.64,86.36,1.01,2.0
3371,153,3371,AAGCAAUUGAAACCGAUAAGG,AAGCAAUUGAAACCGAUAAGG,CCUUAUCGGUUUCAAUUGCUU,MMFMFMFMFMFMFMFMFMFMF,MFMFMFMFMFMFMFMFMFMMM,17.95,82.05,1.26,2.0
3372,154,3372,AGCAAUUGAAACCGAUAAGGA,AGCAAUUGAAACCGAUAAGGA,UCCUUAUCGGUUUCAAUUGCU,MMFMFMFMFMFMFMFMFMFMF,MFMFMFMFMFMFMFMFMFMMM,22.45,77.55,0.64,2.0
3376,155,3376,AUUGAAACCGAUAAGGAGUAU,AUUGAAACCGAUAAGGAGUAU,AUACUCCUUAUCGGUUUCAAU,MMFMFMFMFMFMFMFMFMFMF,MFMFMFMFMFMFMFMFMFMMM,24.69,75.31,1.2,2.0
3409,156,3409,GAUGACCGGGACAGCCCUGUG,GAUGACCGGGACAGCCCUGUG,CACAGGGCUGUCCCGGUCAUC,MMFMFMFMFMFMFMFMFMFMF,MFMFMFMFMFMFMFMFMFMMM,76.13,23.870000000000005,3.61,2.0
3505,157,3505,CUGCAUGAGCUGCUGACUUAC,CUGCAUGAGCUGCUGACUUAC,GUAAGUCAGCAGCUCAUGCAG,MMFMFMFMFMFMFMFMFMFMF,MFMFMFMFMFMFMFMFMFMMM,13.41,86.59,0.92,2.0
3556,158,3556,UUCCUGAAAAUGAUAGGCCCA,UUCCUGAAAAUGAUAGGCCCA,UGGGCCUAUCAUUUUCAGGAA,MMFMFMFMFMFMFMFMFMFMF,MFMFMFMFMFMFMFMFMFMMM,95.32,4.680000000000007,4.96,2.0
3557,159,3557,UCCUGAAAAUGAUAGGCCCAA,UCCUGAAAAUGAUAGGCCCAA,UUGGGCCUAUCAUUUUCAGGA,MMFMFMFMFMFMFMFMFMFMF,MFMFMFMFMFMFMFMFMFMMM,88.65,11.349999999999994,6.23,2.0
3558,160,3558,CCUGAAAAUGAUAGGCCCAAC,CCUGAAAAUGAUAGGCCCAAC,GUUGGGCCUAUCAUUUUCAGG,MMFMFMFMFMFMFMFMFMFMF,MFMFMFMFMFMFMFMFMFMMM,22.45,77.55,1.21,2.0
3559,161,3559,CUGAAAAUGAUAGGCCCAACC,CUGAAAAUGAUAGGCCCAACC,GGUUGGGCCUAUCAUUUUCAG,MMFMFMFMFMFMFMFMFMFMF,MFMFMFMFMFMFMFMFMFMMM,51.46,48.54,1.41,2.0
3654,162,3654,UCCAGAUGAGGUUUAUCAACU,UCCAGAUGAGGUUUAUCAACU,AGUUGAUAAACCUCAUCUGGA,MMFMFMFMFMFMFMFMFMFMF,MFMFMFMFMFMFMFMFMFMMM,11.52,88.48,0.98,2.0
3662,163,3662,AGGUUUAUCAACUUAUGAGGA,AGGUUUAUCAACUUAUGAGGA,UCCUCAUAAGUUGAUAAACCU,MMFMFMFMFMFMFMFMFMFMF,MFMFMFMFMFMFMFMFMFMMM,13.44,86.56,1.21,2.0
3663,164,3663,GGUUUAUCAACUUAUGAGGAA,GGUUUAUCAACUUAUGAGGAA,UUCCUCAUAAGUUGAUAAACC,MMFMFMFMFMFMFMFMFMFMF,MFMFMFMFMFMFMFMFMFMMM,12.86,87.14,1.2,2.0
3683,165,3683,AAUGCUGGGAAUUCCAACCAU,AAUGCUGGGAAUUCCAACCAU,AUGGUUGGAAUUCCCAGCAUU,MMFMFMFMFMFMFMFMFMFMF,MFMFMFMFMFMFMFMFMFMMM,49.61,50.39,3.06,2.0
3689,166,3689,GGGAAUUCCAACCAUCCAAUC,GGGAAUUCCAACCAUCCAAUC,GAUUGGAUGGUUGGAAUUCCC,MMFMFMFMFMFMFMFMFMFMF,MFMFMFMFMFMFMFMFMFMMM,55.38,44.62,4.29,2.0
3694,167,3694,UUCCAACCAUCCAAUCGGACA,UUCCAACCAUCCAAUCGGACA,UGUCCGAUUGGAUGGUUGGAA,MMFMFMFMFMFMFMFMFMFMF,MFMFMFMFMFMFMFMFMFMMM,91.7,8.299999999999997,10.4,2.0
3695,168,3695,UCCAACCAUCCAAUCGGACAA,UCCAACCAUCCAAUCGGACAA,UUGUCCGAUUGGAUGGUUGGA,MMFMFMFMFMFMFMFMFMFMF,MFMFMFMFMFMFMFMFMFMMM,43.35,56.65,10.12,2.0
3698,169,3698,AACCAUCCAAUCGGACAAGCU,AACCAUCCAAUCGGACAAGCU,AGCUUGUCCGAUUGGAUGGUU,MMFMFMFMFMFMFMFMFMFMF,MFMFMFMFMFMFMFMFMFMMM,77.0,23.0,3.4,2.0
3702,170,3702,AUCCAAUCGGACAAGCUUUCA,AUCCAAUCGGACAAGCUUUCA,UGAAAGCUUGUCCGAUUGGAU,MMFMFMFMFMFMFMFMFMFMF,MFMFMFMFMFMFMFMFMFMMM,28.57,71.43,2.3,2.0
3719,171,3719,UUCAGAACCUUAUUGAAGGAU,UUCAGAACCUUAUUGAAGGAU,AUCCUUCAAUAAGGUUCUGAA,MMFMFMFMFMFMFMFMFMFMF,MFMFMFMFMFMFMFMFMFMMM,94.12,5.8799999999999955,2.37,2.0
3781,172,3781,UUCCACAGAUUAUCAAGUCCU,UUCCACAGAUUAUCAAGUCCU,AGGACUUGAUAAUCUGUGGAA,MMFMFMFMFMFMFMFMFMFMF,MFMFMFMFMFMFMFMFMFMMM,19.7,80.3,3.76,2.0
3894,173,3894,UACAUAUACAUGUAUAAGGCA,UACAUAUACAUGUAUAAGGCA,UGCCUUAUACAUGUAUAUGUA,MMFMFMFMFMFMFMFMFMFMF,MFMFMFMFMFMFMFMFMFMMM,63.11,36.89,2.74,2.0
4099,174,4099,AACGAGGAGUUGACCAAAAUA,AACGAGGAGUUGACCAAAAUA,UAUUUUGGUCAACUCCUCGUU,MMFMFMFMFMFMFMFMFMFMF,MFMFMFMFMFMFMFMFMFMMM,18.33,81.67,1.51,2.0
4169,175,4169,UUGCUGGCACAUUAAUCAUAG,UUGCUGGCACAUUAAUCAUAG,CUAUGAUUAAUGUGCCAGCAA,MMFMFMFMFMFMFMFMFMFMF,MFMFMFMFMFMFMFMFMFMMM,17.95,82.05,1.16,2.0
4239,176,4239,UACUAGACCAUGCAUUCUUAA,UACUAGACCAUGCAUUCUUAA,UUAAGAAUGCAUGGUCUAGUA,MMFMFMFMFMFMFMFMFMFMF,MFMFMFMFMFMFMFMFMFMMM,21.39,78.61,6.66,2.0
4305,177,4305,CUGUAUUCUCUCACCAGUAGG,CUGUAUUCUCUCACCAGUAGG,CCUACUGGUGAGAGAAUACAG,MMFMFMFMFMFMFMFMFMFMF,MFMFMFMFMFMFMFMFMFMMM,41.8,58.2,2.24,2.0
4374,178,4374,UCACUAGCACCCAUUUUUGAG,UCACUAGCACCCAUUUUUGAG,CUCAAAAAUGGGUGCUAGUGA,MMFMFMFMFMFMFMFMFMFMF,MFMFMFMFMFMFMFMFMFMMM,90.56,9.439999999999998,1.57,2.0
4411,179,4411,GGGGGGAUAGCUGUGGAAUAG,GGGGGGAUAGCUGUGGAAUAG,CUAUUCCACAGCUAUCCCCCC,MMFMFMFMFMFMFMFMFMFMF,MFMFMFMFMFMFMFMFMFMMM,20.91,79.09,1.51,2.0
4475,180,4475,GUGCUUUCCUAAGCAGUAUAC,GUGCUUUCCUAAGCAGUAUAC,GUAUACUGCUUAGGAAAGCAC,MMFMFMFMFMFMFMFMFMFMF,MFMFMFMFMFMFMFMFMFMMM,24.88,75.12,0.93,2.0
4612,181,4612,UUGAAUGCUGUAUGCAACCAG,UUGAAUGCUGUAUGCAACCAG,CUGGUUGCAUACAGCAUUCAA,MMFMFMFMFMFMFMFMFMFMF,MFMFMFMFMFMFMFMFMFMMM,61.55,38.45,4.81,2.0
4671,182,4671,UCCAUACUUACCACCGAUCUA,UCCAUACUUACCACCGAUCUA,UAGAUCGGUGGUAAGUAUGGA,MMFMFMFMFMFMFMFMFMFMF,MFMFMFMFMFMFMFMFMFMMM,49.37,50.63,1.67,2.0
4672,183,4672,CCAUACUUACCACCGAUCUAC,CCAUACUUACCACCGAUCUAC,GUAGAUCGGUGGUAAGUAUGG,MMFMFMFMFMFMFMFMFMFMF,MFMFMFMFMFMFMFMFMFMMM,57.16,42.84,15.9,2.0
4679,184,4679,UACCACCGAUCUACAAGGGUU,UACCACCGAUCUACAAGGGUU,AACCCUUGUAGAUCGGUGGUA,MMFMFMFMFMFMFMFMFMFMF,MFMFMFMFMFMFMFMFMFMMM,37.36,62.64,8.94,2.0
4682,185,4682,CACCGAUCUACAAGGGUUGAU,CACCGAUCUACAAGGGUUGAU,AUCAACCCUUGUAGAUCGGUG,MMFMFMFMFMFMFMFMFMFMF,MFMFMFMFMFMFMFMFMFMMM,96.45,3.549999999999997,6.51,2.0
4683,186,4683,ACCGAUCUACAAGGGUUGAUC,ACCGAUCUACAAGGGUUGAUC,GAUCAACCCUUGUAGAUCGGU,MMFMFMFMFMFMFMFMFMFMF,MFMFMFMFMFMFMFMFMFMMM,75.49,24.510000000000005,2.99,2.0
4684,187,4684,CCGAUCUACAAGGGUUGAUCC,CCGAUCUACAAGGGUUGAUCC,GGAUCAACCCUUGUAGAUCGG,MMFMFMFMFMFMFMFMFMFMF,MFMFMFMFMFMFMFMFMFMMM,39.57,60.43,2.87,2.0
4690,188,4690,UACAAGGGUUGAUCCCUGUUU,UACAAGGGUUGAUCCCUGUUU,AAACAGGGAUCAACCCUUGUA,MMFMFMFMFMFMFMFMFMFMF,MFMFMFMFMFMFMFMFMFMMM,99.23,0.769999999999996,11.17,2.0
4794,189,4794,UUCAGUUUGCUUGGAGGUAGC,UUCAGUUUGCUUGGAGGUAGC,GCUACCUCCAAGCAAACUGAA,MMFMFMFMFMFMFMFMFMFMF,MFMFMFMFMFMFMFMFMFMMM,20.28,79.72,0.78,2.0
4803,190,4803,CUUGGAGGUAGCUGGGUAAUC,CUUGGAGGUAGCUGGGUAAUC,GAUUACCCAGCUACCUCCAAG,MMFMFMFMFMFMFMFMFMFMF,MFMFMFMFMFMFMFMFMFMMM,61.8,38.2,1.8,2.0
4807,191,4807,GAGGUAGCUGGGUAAUCAAAA,GAGGUAGCUGGGUAAUCAAAA,UUUUGAUUACCCAGCUACCUC,MMFMFMFMFMFMFMFMFMFMF,MFMFMFMFMFMFMFMFMFMMM,16.55,83.45,0.52,2.0
