siRNA_ID,Target,Sense_Seq,Antisense_Seq,Is_Modified,Exp_IC50_nM,Exp_pIC50,Exp_Tm_degC,IEEE_v5_pIC50,IEEE_v5_IC50_nM,IEEE_v5_Knockdown_Pct,pIC50_Error
siSER-1,SERPINA1,ACCAGCGGCCUCUGGACCAUU,UGGUCCAGAGGCCGCUGGUUU,False,4.4,8.3565,75.5,8.1391,7.2589,22.49,0.2174
siSER-1m,SERPINA1,ACCAGCGGCCUCUGGACCAUU,UGGUCCAGAGGCCGCUGGUUU,True,100.0,7.0,86.7,8.2814,5.2315,49.94,1.2814
siSER-2,SERPINA1,CUCCCCUGUGAGCAUCUCAUU,UGAGAUGCUCACAGGGGAGUU,False,0.11,9.9586,68.5,8.2354,5.8162,32.35,1.7232
siSER-2m,SERPINA1,CUCCCCUGUGAGCAUCUCAUU,UGAGAUGCUCACAGGGGAGUU,True,27.2,7.5654,78.5,8.4013,3.9696,57.28,0.8359
siSER-3,SERPINA1,CCCAGCUUCUCCAGGGCCUUU,AGGCCCUGGAGAAGCUGGGUU,False,0.33,9.4815,74.0,8.1036,7.877,24.26,1.3779
siSER-3m,SERPINA1,CCCAGCUUCUCCAGGGCCUUU,AGGCCCUGGAGAAGCUGGGUU,True,100.0,7.0,86.1,8.2229,5.9853,49.79,1.2229
siSER-4,SERPINA1,UUGCUGGAGUCAUUCUCAAUU,UUGAGAAUGACUCCAGCAAUU,False,0.032,10.4949,59.5,8.6406,2.2877,48.56,1.8543
siSER-4m,SERPINA1,UUGCUGGAGUCAUUCUCAAUU,UUGAGAAUGACUCCAGCAAUU,True,0.027,10.5686,69.7,8.4333,3.6869,60.89,2.1353
siSER-5,SERPINA1,AGACAUCAAGCACUACUAUUU,AUAGUAGUGCUUGAUGUCUUU,False,0.2,9.699,56.0,8.6141,2.4314,51.9,1.0849
siSER-5m,SERPINA1,AGACAUCAAGCACUACUAUUU,AUAGUAGUGCUUGAUGUCUUU,True,0.23,9.6383,66.3,8.5268,2.9732,59.12,1.1115
siSER-6,SERPINA1,UCCCCUGCCAGCUGGCGCAUU,UGCGCCAGCUGGCAGGGGAUU,False,2.74,8.5622,76.0,8.1492,7.0932,21.93,0.413
siSER-6m,SERPINA1,UCCCCUGCCAGCUGGCGCAUU,UGCGCCAGCUGGCAGGGGAUU,True,100.0,7.0,87.7,8.2869,5.1652,49.38,1.2869
siSER-7,SERPINA1,AGGUCACCAUCUCUGGAGUUU,ACUCCAGAGAUGGUGACCUUU,False,0.56,9.2518,65.1,8.3423,4.5471,36.94,0.9095
siSER-7m,SERPINA1,AGGUCACCAUCUCUGGAGUUU,ACUCCAGAGAUGGUGACCUUU,True,100.0,7.0,78.1,8.3445,4.5234,59.03,1.3445
siSER-8,SERPINA1,UCACCUGGAGCAGCCUUUUUU,AAAAGGCUGCUCCAGGUGAUU,False,1.3,8.8861,67.1,8.341,4.5605,37.65,0.5451
siSER-8m,SERPINA1,UCACCUGGAGCAGCCUUUUUU,AAAAGGCUGCUCCAGGUGAUU,True,0.15,9.8239,77.6,8.3642,4.3232,57.04,1.4597
siSER-9,SERPINA1,CUGACUUUGGGAACCAGGAUU,UCCUGGUUCCCAAAGUCAGUU,False,0.16,9.7959,63.2,8.4312,3.7048,42.88,1.3647
siSER-9m,SERPINA1,CUGACUUUGGGAACCAGGAUU,UCCUGGUUCCCAAAGUCAGUU,True,100.0,7.0,73.7,8.3926,4.0493,60.2,1.3926
siSER-10,SERPINA1,AAGUUCUUCUCCCUCCAAAUU,UUUGGAGGGAGAAGAACUUUU,False,0.001,12.0,61.3,8.6711,2.1324,48.98,3.3289
siSER-10m,SERPINA1,AAGUUCUUCUCCCUCCAAAUU,UUUGGAGGGAGAAGAACUUUU,True,0.004,11.3979,71.3,8.4591,3.4744,59.45,2.9388
siAGT-1,AGT,ACUUUAGGCAUCUUUUAAUUU,AUUAAAAGAUGCCUAAAGUUU,False,0.0007,12.1549,46.3,8.6133,2.4359,53.89,3.5416
siAGT-1m,AGT,ACUUUAGGCAUCUUUUAAUUU,AUUAAAAGAUGCCUAAAGUUU,True,0.0001,13.0,56.1,8.5127,3.071,58.19,4.4873
siAGT-2,AGT,CCUGGCUGCAGGUGACCGAUU,UCGGUCACCUGCAGCCAGGUU,False,0.04,10.3979,72.9,8.1829,6.5634,24.26,2.215
siAGT-2m,AGT,CCUGGCUGCAGGUGACCGAUU,UCGGUCACCUGCAGCCAGGUU,True,100.0,7.0,84.5,8.2744,5.3159,51.12,1.2744
siAGT-3,AGT,AGCAAUGACCGCAUCAGGAUU,UCCUGAUGCGGUCAUUGCUUU,False,0.13,9.8861,64.0,8.3421,4.5491,38.13,1.544
siAGT-3m,AGT,AGCAAUGACCGCAUCAGGAUU,UCCUGAUGCGGUCAUUGCUUU,True,4.9,8.3098,74.1,8.332,4.6563,59.55,0.0222
siAGT-4,AGT,CAAAAAUUGGGUUUUAAAAUU,UUUUAAAACCCAAUUUUUGUU,False,0.0004,12.3979,39.0,9.2235,0.5978,64.15,3.1744
siAGT-4m,AGT,CAAAAAUUGGGUUUUAAAAUU,UUUUAAAACCCAAUUUUUGUU,True,0.022,10.6576,47.2,8.9401,1.148,60.87,1.7175
siAGT-5,AGT,GGGUGGGGAGGCAAGAACAUU,UGUUCUUGCCUCCCCACCCUU,False,0.01,11.0,73.5,8.1329,7.364,32.28,2.8671
siAGT-5m,AGT,GGGUGGGGAGGCAAGAACAUU,UGUUCUUGCCUCCCCACCCUU,True,0.21,9.6778,83.8,8.3742,4.2249,56.65,1.3036
