siRNAmodDB ID,PMID,Sequence of sense strand,Modifications (sense strand),Sequence of antisense strand,Modifications  (antisense strand),Biological inhibition percentage,efficacy_pct,Category,Pred_Model_B_v4,Pred_IEEE_v5,Pred_Ensemble
SM1442,19282453,GACGUAAACGGCCACAAGUUC,0,ACUUGUGGCCGUUUACGUCGC,0,85.5 percent target mRNA inhibition,85.5,1. Unmodified Naked Controls,68.65,39.81,64.32
SM2172,19042976,AUCUGAAGAAGGAGAAAAATT,0,UUUUUCUCCUUCUUCAGAUTT,0,88 percent target mRNA inhibition,88.0,1. Unmodified Naked Controls,54.54,54.36,54.51
SM2190,18575806,CGUACGCGGAAUACUUCGAUU,0,UCGAAGUAUUCCGCGUACGUG,0,4.23 percent target mRNA inhibition,4.23,1. Unmodified Naked Controls,66.7,46.26,63.63
SM2191,18575806,GCAGCACGACUUCUUCAAGUU,0,CUUGAAGAAGUCGUGCUGCUU,0,77.3 percent target mRNA inhibition,77.3,1. Unmodified Naked Controls,66.19,31.34,60.96
SM2203,17894530,UUCUUCGAACGUGUCACGUTT,0,ACGUGACACGUUCGAAGAATT,0,26 percent target mRNA inhibition,26.0,1. Unmodified Naked Controls,55.77,49.95,54.89
SM2204,17894530,CUGGAGCAAGUUGCAAAGCAUUGGAAU,0,AUUCCAAUGCUUUGCAACUUGCUCCAG,0,4 percent target mRNA inhibition,4.0,1. Unmodified Naked Controls,63.58,42.22,60.38
SM2205,17894530,GGCCUUUCACUACUCCUACGA,0,GUAGGAGUAGUGAAAGGCCAG,0,88 percent target mRNA inhibition,88.0,1. Unmodified Naked Controls,70.42,30.07,64.36
SM2208,17894530,CUGGCCUUUCACUACUCCUACGAGCAC,0,GUGCUCGUAGGAGUAGUGAAAGGCCAG,0,87 percent target mRNA inhibition,87.0,1. Unmodified Naked Controls,65.18,27.93,59.59
SM2235,17894530,GGCCUUUCACUACUCCUACGAGCAC,0,GUGCUCGUAGGAGUAGUGAAAGGCCAG,0,83 percent target mRNA inhibition,83.0,1. Unmodified Naked Controls,64.3,26.77,58.67
SM2239,16598842,AAGGAGAUCAACAUUUUCATT,0,UGAAAAUGUUGAUCUCCUUTT,0,81 percent target mRNA inhibition,81.0,1. Unmodified Naked Controls,55.0,53.79,54.82
SM0001,19282453,GACGUAAACGGCCACAAGUUC,2-Aminoethyl,ACUUGUGGCCGUUUACGUCGC,2-O-Methyl,69.5 percent target mRNA inhibition,69.5,2. 2'-OMe / 2'-F Clinical Modifications,54.48,51.5,54.03
SM0002,19282453,GACGUAAACGGCCACAAGUUC,2-Guanidinoethyl,ACUUGUGGCCGUUUACGUCGC,2-O-Methyl,76.8 percent target mRNA inhibition,76.8,2. 2'-OMe / 2'-F Clinical Modifications,54.48,51.5,54.03
SM0003,19282453,GACGUAAACGGCCACAAGUUC,Hexitol nucleic acid,ACUUGUGGCCGUUUACGUCGC,2-O-Methyl,54.2 percent target mRNA inhibition,54.2,2. 2'-OMe / 2'-F Clinical Modifications,40.49,50.7,42.02
SM0005,19282453,GACGUAAACGGCCACAAGUUCT,Altritol nucleic acid* 2-Deoxy,ACUUGUGGCCGUUUACGUCGC,2-O-Methyl,81.4 percent target mRNA inhibition,81.4,2. 2'-OMe / 2'-F Clinical Modifications,48.47,51.8,48.97
SM0008,19282453,GACGUAAACGGCCACAAGUUCU,Altritol nucleic acid,ACUUGUGGCCGUUUACGUCGC,2-O-Methyl,64.5 percent target mRNA inhibition,64.5,2. 2'-OMe / 2'-F Clinical Modifications,48.47,51.8,48.97
SM0010,19282453,GACGUAAACGGCCACAAGUUT,Hexitol nucleic acid* 2-Deoxy,ACUUGUGGCCGUUUACGUCGC,2-O-Methyl,84 percent target mRNA inhibition,84.0,2. 2'-OMe / 2'-F Clinical Modifications,47.34,53.47,48.26
SM0013,19282453,GACGUAAACGGCCACAAGUUT,2-Aminoethoxymethyl* 2-Deoxy,ACUUGUGGCCGUUUACGUCGC,2-O-Methyl,79.7 percent target mRNA inhibition,79.7,2. 2'-OMe / 2'-F Clinical Modifications,46.43,56.84,48.0
SM0015,19282453,GACGUAAACGGCCACAAGUUT,2-Aminopropoxymethyl* 2-Deoxy,ACUUGUGGCCGUUUACGUCGC,2-O-Methyl,80.6 percent target mRNA inhibition,80.6,2. 2'-OMe / 2'-F Clinical Modifications,46.43,56.84,48.0
SM0017,19282453,GACGUAAACGGCCACAAGUUC,Oxetane-Locked nucleic acid,ACUUGUGGCCGUUUACGUCGC,2-O-Methyl,81.2 percent target mRNA inhibition,81.2,2. 2'-OMe / 2'-F Clinical Modifications,45.2,50.7,46.03
SM0019,19282453,GACGUAAACGGCCACAAGUUC,2-Fluoro* 2-O-Methyl,ACUUGUGGCCGUUUACGUCGC,2-O-Methyl,46.2 percent target mRNA inhibition,46.2,2. 2'-OMe / 2'-F Clinical Modifications,43.65,58.72,45.91
SM0018,19282453,GACGUAAACGGCCACAAGUUC,Oxetane-Locked nucleic acid,ACUUGUGGCCGUUUACGUCGC,2-O-Methyl,65.2 percent target mRNA inhibition,65.2,3. Rigid Conformation (LNA / ENA),45.2,50.7,46.03
SM0023,19282453,GACGUAAACGGCCACAAGUTCU,Locked nucleic acid,ACUUGUGGCCGUUUACGUCGC,2-O-Methyl,31 percent target mRNA inhibition,31.0,3. Rigid Conformation (LNA / ENA),45.82,51.8,46.71
SM0027,19282453,GACGTAAACGGCCACAAGTTCT,2-Deoxy* Locked nucleic acid,ACUUGUGGCCGUUUACGUCGC,2-O-Methyl,0 percent target mRNA inhibition,0.0,3. Rigid Conformation (LNA / ENA),45.82,51.8,46.71
SM0035,19282453,GACGUAAACGGCCACAAGUTCU,Alfa-L-Locked nucleic acid,ACUUGUGGCCGUUUACGUCGC,2-O-Methyl,75 percent target mRNA inhibition,75.0,3. Rigid Conformation (LNA / ENA),45.82,51.8,46.71
SM0038,19282453,GACGTAAACGGCCACAAGUTCU,2-N-Adamant-1-yl-Methylcarbonyl-2-Amino-Locked nucleic acid* Locked nucleic acid,ACUUGUGGCCGUUUACGUCGC,2-O-Methyl,35 percent target mRNA inhibition,35.0,3. Rigid Conformation (LNA / ENA),45.82,51.8,46.71
SM0039,19282453,GACGUAAACGGCCACAAGUTCU,UnLocked nucleic acid* Locked nucleic acid,ACUUGUGGCCGUUUACGUCGC,2-O-Methyl,11 percent target mRNA inhibition,11.0,3. Rigid Conformation (LNA / ENA),45.82,51.8,46.71
SM0041,19282453,GACGUAAACGGCCACAAGUUUU,UnLocked nucleic acid,ACUUGUGGCCGUUUACGUCGC,2-O-Methyl,82 percent target mRNA inhibition,82.0,3. Rigid Conformation (LNA / ENA),47.92,55.22,49.01
SM0632,19282453,GACGUAAACGGCCACAAGUUC,2-Aminoethyl,ACUUGUGGCCGUUUACGUCGC,"2-Deoxy-2-N,4-C-Ethylene-Locked nucleic acid",53.4 percent target mRNA inhibition,53.4,3. Rigid Conformation (LNA / ENA),65.99,51.17,63.77
SM0633,19282453,GACGUAAACGGCCACAAGUUC,2-Guanidinoethyl,ACUUGUGGCCGUUUACGUCGC,"2-Deoxy-2-N,4-C-Ethylene-Locked nucleic acid",55 percent target mRNA inhibition,55.0,3. Rigid Conformation (LNA / ENA),65.99,51.17,63.77
SM0634,19282453,GACGUAAACGGCCACAAGUUC,Hexitol nucleic acid,ACUUGUGGCCGUUUACGUCGC,"2-Deoxy-2-N,4-C-Ethylene-Locked nucleic acid",0 percent target mRNA inhibition,0.0,3. Rigid Conformation (LNA / ENA),51.24,48.32,50.8
SM0004,19282453,GACGUAAACGGCCACAAGUUCT,Hexitol nucleic acid,ACUUGUGGCCGUUUACGUCGC,2-O-Methyl,35.4 percent target mRNA inhibition,35.4,"4. Flexible / Exotic (UNA, ANA, HNA)",41.46,51.8,43.01
SM0006,19282453,GACGUAAACGGCCACAAGUUCT,Altritol nucleic acid* 2-Deoxy,ACUUGUGGCCGUUUACGUCGC,2-O-Methyl,71.3 percent target mRNA inhibition,71.3,"4. Flexible / Exotic (UNA, ANA, HNA)",48.47,51.8,48.97
SM0011,19282453,GACGUAAACGGCCACAAGUUT,Hexitol nucleic acid* 2-Deoxy,ACUUGUGGCCGUUUACGUCGC,2-O-Methyl,38 percent target mRNA inhibition,38.0,"4. Flexible / Exotic (UNA, ANA, HNA)",47.34,53.47,48.26
SM0040,19282453,GACGUAAACCGGCCACAAGUTCU,UnLocked nucleic acid* Locked nucleic acid,ACUUGUGGCCGUUUACGUCGC,2-O-Methyl,0 percent target mRNA inhibition,0.0,"4. Flexible / Exotic (UNA, ANA, HNA)",46.75,54.51,47.92
SM0042,19282453,GACGUAAACGGCCACAAGUUUU,UnLocked nucleic acid,ACUUGUGGCCGUUUACGUCGC,2-O-Methyl,56 percent target mRNA inhibition,56.0,"4. Flexible / Exotic (UNA, ANA, HNA)",47.92,55.22,49.01
SM0054,19282453,GACGUAAACGGCCACAAGUUCU,Altritol nucleic acid,ACUUGUGGCCGUUUACGUCGCU,2-O-Methyl* 2-Aminoethyl,75 percent target mRNA inhibition,75.0,"4. Flexible / Exotic (UNA, ANA, HNA)",48.39,56.07,49.54
SM0137,19282453,GACGUAAACGGCCACAAGUUC,2-Aminoethyl,ACUUGUGGCCGUUUACGUCGC,Altritol nucleic acid,57 percent target mRNA inhibition,57.0,"4. Flexible / Exotic (UNA, ANA, HNA)",49.61,51.17,49.85
SM0138,19282453,GACGUAAACGGCCACAAGUUC,2-Guanidinoethyl,ACUUGUGGCCGUUUACGUCGC,Altritol nucleic acid,56.1 percent target mRNA inhibition,56.1,"4. Flexible / Exotic (UNA, ANA, HNA)",49.61,51.17,49.85
SM0149,19282453,GACGUAAACGGCCACAAGUUT,2-Aminoethoxymethyl* 2-Deoxy,ACUUGUGGCCGUUUACGUCGC,Altritol nucleic acid,61.1 percent target mRNA inhibition,61.1,"4. Flexible / Exotic (UNA, ANA, HNA)",42.38,56.15,44.44
SM0151,19282453,GACGUAAACGGCCACAAGUUT,2-Aminopropoxymethyl* 2-Deoxy,ACUUGUGGCCGUUUACGUCGC,Altritol nucleic acid,63.5 percent target mRNA inhibition,63.5,"4. Flexible / Exotic (UNA, ANA, HNA)",42.38,56.15,44.44
SM2240,16598842,AAGGAGAUCAACAUUUUCATT,Phosphorothioate,UGAAAAUGUUGAUCUCCUUTT,Phosphorothioate,75 percent target mRNA inhibition,75.0,"5. Overhang & Backbone (dT, PS, Abasic)",52.02,64.0,53.82
SM2254,16598842,AAGGAGAUCAACAUUUUCATT,2-O-Methyl,UGAAAAUGUUGAUCUCCUUTT,Phosphorothioate,76 percent target mRNA inhibition,76.0,"5. Overhang & Backbone (dT, PS, Abasic)",51.85,57.78,52.74
SM2258,16598842,AAGGAGAUCAACAUUUUCATT,2-O-Methyl* Phosphorothioate,UGAAAAUGUUGAUCUCCUUTT,2-O-Methyl,84 percent target mRNA inhibition,84.0,"5. Overhang & Backbone (dT, PS, Abasic)",50.46,61.81,52.17
SM2263,16509579,AAGUAAGGACCAGAGACAAA,0,UUUGUCUCUGGUCCUUACUU,Phosphorothioate,IC-50 = 1.6 nM for target mRNA,50.0,"5. Overhang & Backbone (dT, PS, Abasic)",54.31,64.95,55.9
SM2277,16509579,AAGUAAGGACCAGAGACAA,4-Thioribose,UUGUCUCUGGUCCUUACUU,Phosphorothioate,IC-50 = 2.4 nM for target mRNA,50.0,"5. Overhang & Backbone (dT, PS, Abasic)",56.6,62.43,57.47
SM2332,17539595,CUGGUAAAGCAUUCAGUAUTT,2-Deoxythymidine,AUACUGAAUGCUUUACCAGTT,2-Deoxythymidine,82 percent target mRNA inhibition,82.0,"5. Overhang & Backbone (dT, PS, Abasic)",60.13,56.26,59.55
SM2333,17539595,CUGGUAAAGCAUUCAGUATT,Aminoisonucleotide-thymidine* 2-Deoxythymidine,AUACUGAAUGCUUUACCAGTT,2-Deoxythymidine,85 percent target mRNA inhibition,85.0,"5. Overhang & Backbone (dT, PS, Abasic)",58.65,57.13,58.42
SM2335,17539595,CUGGUAAAGCAUUCAGUAUTT,Aminoisonucleotide-Adenine* 2-Deoxythymidine,AUACUGAAUGCUUUACCAGTT,2-Deoxythymidine,78 percent target mRNA inhibition,78.0,"5. Overhang & Backbone (dT, PS, Abasic)",60.13,56.26,59.55
SM2337,17539595,CTGGUAAAGCAUUCAGUATT,Aminoisonucleotide-thymidine* Aminoisonucleotide-Adenine* 2-Deoxythymidine,AUACUGAAUGCUUUACCAGTT,2-Deoxythymidine,39 percent target mRNA inhibition,39.0,"5. Overhang & Backbone (dT, PS, Abasic)",58.65,57.13,58.42
SM2391,23682837,GCAACUCAUGGUUCAUGCUTT,2-Deoxythymidine,AGCAUGAACCAUGAGUUGCTT,2-Deoxythymidine,40 percent target mRNA inhibition,40.0,"5. Overhang & Backbone (dT, PS, Abasic)",60.17,51.95,58.94
