Config,Depth,LR,L2,Loss,CV_Pearson_r,CV_Spearman_rho,CV_MAE%,CV_RMSE%,Patisiran%,Inclisiran%,Vutrisiran%,Givosiran%,Lumasiran%,Nedosiran%,Mean_FDA%,Runtime_s
Exp1_Base_D6_LR0.04_L2_3.0,6,0.04,3.0,RMSE,0.2048,0.1715,23.97,28.13,72.33,79.53,52.45,61.67,50.01,57.51,62.25,57.6
Exp2_Deep_D7_LR0.03_L2_2.0,7,0.03,2.0,RMSE,0.1888,0.1584,24.09,28.29,70.37,78.36,54.85,61.78,61.7,64.15,65.2,79.7
Exp3_Deeper_D8_LR0.025_L2_1.5,8,0.025,1.5,RMSE,0.1624,0.1178,24.28,28.48,70.5,71.27,54.41,58.13,52.79,62.44,61.59,165.8
Exp4_LowReg_D6_LR0.035_L2_1.0,6,0.035,1.0,RMSE,0.2087,0.1686,23.94,28.11,72.33,78.13,49.97,55.64,50.66,54.42,60.19,61.1
Exp5_LowReg_D7_LR0.03_L2_1.0,7,0.03,1.0,RMSE,0.18,0.1452,24.15,28.35,71.62,73.08,51.4,58.28,56.05,60.26,61.78,97.3
Exp6_Huber_D6_LR0.04_L2_2.0,6,0.04,2.0,Huber:delta=15,0.3681,0.3731,22.41,26.98,78.63,63.0,49.82,91.4,88.61,88.29,76.62,71.9
Exp7_Huber_D7_LR0.03_L2_1.5,7,0.03,1.5,Huber:delta=15,0.3541,0.3453,22.74,27.29,74.43,82.92,49.87,54.41,43.73,50.86,59.37,110.8
Exp8_MAE_Loss_D6_LR0.04_L2_2.0,6,0.04,2.0,MAE,0.1865,0.1603,24.2,28.74,73.93,71.25,48.09,60.03,49.46,57.83,60.1,46.0
Exp9_Deep_Long_D7_LR0.02_L2_1.0,7,0.02,1.0,RMSE,0.1776,0.1542,24.15,28.35,71.28,76.49,58.46,65.09,58.3,63.91,65.59,108.0
Exp10_Deepest_D8_LR0.02_L2_1.0,8,0.02,1.0,RMSE,0.163,0.1003,24.27,28.44,68.44,73.43,53.98,63.2,54.1,62.28,62.57,183.0
